脱敏车牌编号,号牌种类,号牌颜色,采集设备,车辆类型,车速(km/h),经过时间
2,大型汽车,黄色,高速K164+750M方向2,重型普通货车,55,2024/3/6 6:53
3,大型汽车,黄色,高速K164+750M方向2,重型普通货车,58,2024/3/6 6:53
1,小型汽车,蓝色,高速K164+750M方向1,小型轿车,80,2024/3/6 6:53
4,小型汽车,蓝色,高速K164+750M方向1,小型轿车,74,2024/3/6 6:53
5,小型新能源汽车,绿色,高速K164+750M方向1,小型轿车,76,2024/3/6 6:54
6,大型汽车,黄色,高速K164+750M方向2,重型普通货车,62,2024/3/6 6:55
7,大型汽车,黄色,高速K164+750M方向2,重型普通货车,56,2024/3/6 6:55
0,无法识别,其它颜色,高速K164+750M方向1,其它,63,2024/3/6 6:55
8,大型汽车,黄色,高速K164+750M方向2,重型普通货车,60,2024/3/6 6:56
9,大型汽车,黄色,高速K164+750M方向2,重型普通货车,62,2024/3/6 6:56
11,大型汽车,黄色,高速K164+750M方向2,重型普通货车,53,2024/3/6 6:56
10,小型汽车,蓝色,高速K164+750M方向1,小型轿车,80,2024/3/6 6:56
12,小型新能源汽车,绿色,高速K164+750M方向1,小型轿车,73,2024/3/6 6:56
13,大型汽车,黄色,高速K164+750M方向2,重型普通货车,57,2024/3/6 6:58
0,无法识别,其它颜色,高速K164+750M方向1,其它,67,2024/3/6 6:58
14,小型汽车,蓝色,高速K164+750M方向2,小型轿车,77,2024/3/6 6:58
15,小型汽车,蓝色,高速K164+750M方向1,小型轿车,87,2024/3/6 6:58
16,大型汽车,黄色,高速K164+750M方向2,重型普通货车,52,2024/3/6 7:01
17,大型汽车,黄色,高速K164+750M方向2,重型普通货车,58,2024/3/6 7:02
19,大型汽车,黄色,高速K164+750M方向2,重型普通货车,44,2024/3/6 7:02
18,小型汽车,蓝色,高速K164+750M方向1,小型轿车,78,2024/3/6 7:02
20,小型汽车,蓝色,高速K164+750M方向2,小型轿车,64,2024/3/6 7:03
21,小型汽车,蓝色,高速K164+750M方向1,小型轿车,94,2024/3/6 7:03
22,小型汽车,蓝色,高速K164+750M方向1,小型轿车,80,2024/3/6 7:04
24,大型汽车,黄色,高速K164+750M方向2,重型普通货车,66,2024/3/6 7:05
23,小型汽车,蓝色,高速K164+750M方向2,小型轿车,70,2024/3/6 7:05
25,小型汽车,蓝色,高速K164+750M方向1,小型轿车,78,2024/3/6 7:05
26,大型汽车,黄色,高速K164+750M方向2,重型普通货车,52,2024/3/6 7:06
27,小型汽车,蓝色,高速K164+750M方向1,小型轿车,63,2024/3/6 7:06
28,大型汽车,黄色,高速K164+750M方向2,重型普通货车,60,2024/3/6 7:07
29,大型汽车,黄色,高速K164+750M方向2,重型普通货车,59,2024/3/6 7:08
30,小型汽车,蓝色,高速K164+750M方向2,轻型普通货车,73,2024/3/6 7:09
31,小型汽车,蓝色,高速K164+750M方向1,小型轿车,81,2024/3/6 7:10
32,警用汽车,白色,高速K164+750M方向1,小型轿车,74,2024/3/6 7:11
33,大型汽车,黄色,高速K164+750M方向2,重型普通货车,56,2024/3/6 7:12
34,大型汽车,黄色,高速K164+750M方向2,重型普通货车,35,2024/3/6 7:13
35,大型汽车,黄色,高速K164+750M方向2,重型普通货车,55,2024/3/6 7:14
0,无法识别,其它颜色,高速K164+750M方向1,小型轿车,79,2024/3/6 7:14
36,小型汽车,蓝色,高速K164+750M方向2,小型轿车,91,2024/3/6 7:14
37,大型汽车,黄色,高速K164+750M方向2,重型普通货车,64,2024/3/6 7:15
38,小型汽车,蓝色,高速K164+750M方向2,小型轿车,77,2024/3/6 7:15
39,大型汽车,黄色,高速K164+750M方向2,重型普通货车,61,2024/3/6 7:16
40,大型汽车,黄色,高速K164+750M方向2,重型普通货车,48,2024/3/6 7:18
41,小型汽车,蓝色,高速K164+750M方向2,小型轿车,66,2024/3/6 7:18
43,大型汽车,黄色,高速K164+750M方向1,重型普通货车,59,2024/3/6 7:20
44,大型汽车,黄色,高速K164+750M方向2,重型普通货车,48,2024/3/6 7:20
0,无法识别,其它颜色,高速K164+750M方向2,其它,60,2024/3/6 7:20
42,小型汽车,蓝色,高速K164+750M方向1,小型轿车,75,2024/3/6 7:20
45,警用汽车,白色,高速K164+750M方向2,重型普通货车,49,2024/3/6 7:21
0,无法识别,其它颜色,高速K164+750M方向2,其它,42,2024/3/6 7:21
0,无法识别,其它颜色,高速K164+750M方向2,其它,31,2024/3/6 7:21
46,小型汽车,蓝色,高速K164+750M方向2,小型轿车,69,2024/3/6 7:22
47,小型汽车,蓝色,高速K164+750M方向2,小型轿车,73,2024/3/6 7:22
48,小型汽车,蓝色,高速K164+750M方向2,轻型普通货车,75,2024/3/6 7:22
49,大型汽车,黄色,高速K164+750M方向2,重型普通货车,70,2024/3/6 7:23
50,大型汽车,黄色,高速K164+750M方向2,重型普通货车,58,2024/3/6 7:23
51,大型汽车,黄色,高速K164+750M方向2,重型普通货车,50,2024/3/6 7:23
52,大型汽车,黄色,高速K164+750M方向2,重型普通货车,56,2024/3/6 7:23
0,无法识别,其它颜色,高速K164+750M方向1,其它,51,2024/3/6 7:23
53,小型汽车,蓝色,高速K164+750M方向2,轻型普通货车,54,2024/3/6 7:24
54,大型汽车,黄色,高速K164+750M方向2,重型普通货车,62,2024/3/6 7:25
55,小型汽车,蓝色,高速K164+750M方向2,小型轿车,73,2024/3/6 7:25
56,大型汽车,黄色,高速K164+750M方向2,重型普通货车,61,2024/3/6 7:27
0,无法识别,其它颜色,高速K164+750M方向1,其它,61,2024/3/6 7:27
57,大型汽车,黄色,高速K164+750M方向2,重型普通货车,57,2024/3/6 7:28
0,无法识别,其它颜色,高速K164+750M方向1,其它,66,2024/3/6 7:28
58,小型汽车,蓝色,高速K164+750M方向1,小型轿车,66,2024/3/6 7:28
59,大型汽车,黄色,高速K164+750M方向2,重型普通货车,65,2024/3/6 7:30
60,大型汽车,黄色,高速K164+750M方向2,重型普通货车,66,2024/3/6 7:30
61,大型汽车,黄色,高速K164+750M方向2,重型普通货车,58,2024/3/6 7:30
0,无法识别,其它颜色,高速K164+750M方向1,其它,67,2024/3/6 7:30
62,大型汽车,黄色,高速K164+750M方向2,重型普通货车,60,2024/3/6 7:31
63,大型汽车,黄色,高速K164+750M方向2,重型普通货车,52,2024/3/6 7:32
64,大型汽车,黄色,高速K164+750M方向2,重型普通货车,52,2024/3/6 7:32
65,大型汽车,黄色,高速K164+750M方向2,大型普通客车,52,2024/3/6 7:32
66,大型汽车,黄色,高速K164+750M方向2,重型普通货车,70,2024/3/6 7:32
67,大型汽车,黄色,高速K164+750M方向2,重型普通货车,52,2024/3/6 7:33
69,大型汽车,黄色,高速K164+750M方向2,重型普通货车,51,2024/3/6 7:33
68,小型新能源汽车,绿色,高速K164+750M方向1,小型轿车,94,2024/3/6 7:33
71,大型汽车,黄色,高速K164+750M方向2,重型普通货车,59,2024/3/6 7:34
72,大型汽车,黄色,高速K164+750M方向1,重型普通货车,59,2024/3/6 7:34
70,小型汽车,蓝色,高速K164+750M方向1,小型轿车,74,2024/3/6 7:34
73,大型汽车,黄色,高速K164+750M方向2,大型普通客车,54,2024/3/6 7:35
0,无法识别,其它颜色,高速K164+750M方向2,重型普通货车,79,2024/3/6 7:35
75,大型汽车,黄色,高速K164+750M方向2,重型普通货车,69,2024/3/6 7:36
74,小型汽车,蓝色,高速K164+750M方向1,小型轿车,81,2024/3/6 7:36
76,大型汽车,黄色,高速K164+750M方向2,重型普通货车,57,2024/3/6 7:37
77,小型汽车,蓝色,高速K164+750M方向2,轻型普通货车,61,2024/3/6 7:37
78,大型汽车,黄色,高速K164+750M方向2,重型普通货车,54,2024/3/6 7:38
79,大型汽车,黄色,高速K164+750M方向2,重型普通货车,47,2024/3/6 7:38
81,大型汽车,黄色,高速K164+750M方向2,重型普通货车,60,2024/3/6 7:38
0,无法识别,其它颜色,高速K164+750M方向2,其它,71,2024/3/6 7:38
0,无法识别,其它颜色,高速K164+750M方向1,其它,60,2024/3/6 7:38
80,小型汽车,蓝色,高速K164+750M方向1,小型轿车,70,2024/3/6 7:38
82,大型汽车,黄色,高速K164+750M方向2,重型普通货车,60,2024/3/6 7:39
0,无法识别,其它颜色,高速K164+750M方向1,小型轿车,97,2024/3/6 7:39
83,小型新能源汽车,绿色,高速K164+750M方向1,小型轿车,76,2024/3/6 7:39
84,大型汽车,黄色,高速K164+750M方向2,重型普通货车,55,2024/3/6 7:40
0,无法识别,其它颜色,高速K164+750M方向1,其它,55,2024/3/6 7:40
85,小型汽车,蓝色,高速K164+750M方向1,小型轿车,79,2024/3/6 7:40
86,大型汽车,黄色,高速K164+750M方向2,重型普通货车,56,2024/3/6 7:41
88,大型汽车,黄色,高速K164+750M方向2,重型普通货车,49,2024/3/6 7:41
89,大型汽车,黄色,高速K164+750M方向2,重型普通货车,58,2024/3/6 7:41
87,小型汽车,蓝色,高速K164+750M方向1,小型轿车,80,2024/3/6 7:41
90,大型汽车,黄色,高速K164+750M方向2,重型普通货车,61,2024/3/6 7:42
93,大型汽车,黄色,高速K164+750M方向2,重型普通货车,72,2024/3/6 7:43
94,大型汽车,黄色,高速K164+750M方向2,重型普通货车,72,2024/3/6 7:43
91,小型汽车,蓝色,高速K164+750M方向1,小型轿车,81,2024/3/6 7:43
92,小型汽车,蓝色,高速K164+750M方向1,小型轿车,76,2024/3/6 7:43
95,大型汽车,黄色,高速K164+750M方向2,重型普通货车,63,2024/3/6 7:45
0,无法识别,其它颜色,高速K164+750M方向2,其它,64,2024/3/6 7:45
96,小型汽车,蓝色,高速K164+750M方向2,小型轿车,48,2024/3/6 7:45
97,大型汽车,黄色,高速K164+750M方向2,重型普通货车,49,2024/3/6 7:46
98,大型汽车,黄色,高速K164+750M方向2,重型普通货车,57,2024/3/6 7:46
0,无法识别,其它颜色,高速K164+750M方向1,其它,51,2024/3/6 7:46
99,小型汽车,蓝色,高速K164+750M方向1,小型轿车,79,2024/3/6 7:46
100,小型汽车,蓝色,高速K164+750M方向1,小型轿车,78,2024/3/6 7:47
101,大型汽车,黄色,高速K164+750M方向2,重型普通货车,52,2024/3/6 7:48
102,大型汽车,黄色,高速K164+750M方向2,中型普通客车,55,2024/3/6 7:49
103,大型汽车,黄色,高速K164+750M方向2,重型普通货车,73,2024/3/6 7:49
0,无法识别,其它颜色,高速K164+750M方向2,重型普通货车,73,2024/3/6 7:49
0,无法识别,其它颜色,高速K164+750M方向1,其它,73,2024/3/6 7:49
105,大型汽车,黄色,高速K164+750M方向2,重型普通货车,65,2024/3/6 7:50
104,小型新能源汽车,绿色,高速K164+750M方向2,小型轿车,52,2024/3/6 7:50
106,大型汽车,黄色,高速K164+750M方向2,重型普通货车,59,2024/3/6 7:51
107,大型汽车,黄色,高速K164+750M方向2,重型普通货车,58,2024/3/6 7:52
0,无法识别,其它颜色,高速K164+750M方向1,小型轿车,77,2024/3/6 7:52
0,无法识别,其它颜色,高速K164+750M方向2,重型普通货车,41,2024/3/6 7:52
108,小型汽车,蓝色,高速K164+750M方向1,小型轿车,81,2024/3/6 7:52
109,小型汽车,蓝色,高速K164+750M方向1,小型轿车,84,2024/3/6 7:52
111,大型汽车,黄色,高速K164+750M方向2,重型普通货车,60,2024/3/6 7:53
110,小型汽车,蓝色,高速K164+750M方向2,小型轿车,69,2024/3/6 7:53
112,大型汽车,黄色,高速K164+750M方向2,重型普通货车,59,2024/3/6 7:54
114,大型汽车,黄色,高速K164+750M方向2,重型普通货车,61,2024/3/6 7:54
0,无法识别,其它颜色,高速K164+750M方向1,小型轿车,88,2024/3/6 7:54
0,无法识别,其它颜色,高速K164+750M方向1,其它,83,2024/3/6 7:54
113,小型汽车,蓝色,高速K164+750M方向2,小型轿车,72,2024/3/6 7:54
115,小型汽车,蓝色,高速K164+750M方向2,轻型普通货车,59,2024/3/6 7:54
116,大型汽车,黄色,高速K164+750M方向2,重型普通货车,61,2024/3/6 7:55
118,大型汽车,黄色,高速K164+750M方向2,重型普通货车,62,2024/3/6 7:55
0,无法识别,其它颜色,高速K164+750M方向1,小型轿车,79,2024/3/6 7:55
0,无法识别,其它颜色,高速K164+750M方向1,其它,73,2024/3/6 7:55
117,小型汽车,蓝色,高速K164+750M方向1,轻型普通货车,73,2024/3/6 7:55
119,大型汽车,黄色,高速K164+750M方向2,重型普通货车,62,2024/3/6 7:56
0,无法识别,其它颜色,高速K164+750M方向1,小型轿车,84,2024/3/6 7:56
120,小型汽车,蓝色,高速K164+750M方向1,小型轿车,66,2024/3/6 7:56
121,大型汽车,黄色,高速K164+750M方向2,重型普通货车,55,2024/3/6 7:57
122,大型汽车,黄色,高速K164+750M方向2,重型普通货车,51,2024/3/6 7:57
0,无法识别,其它颜色,高速K164+750M方向1,小型轿车,83,2024/3/6 7:57
123,小型汽车,蓝色,高速K164+750M方向1,小型轿车,87,2024/3/6 7:58
125,小型汽车,蓝色,高速K164+750M方向2,轻型普通货车,59,2024/3/6 7:58
126,小型汽车,蓝色,高速K164+750M方向1,小型轿车,80,2024/3/6 7:58
124,小型新能源汽车,绿色,高速K164+750M方向2,小型轿车,50,2024/3/6 7:58
127,小型汽车,蓝色,高速K164+750M方向2,小型轿车,64,2024/3/6 7:59
128,大型汽车,黄色,高速K164+750M方向2,重型普通货车,56,2024/3/6 8:00
129,大型汽车,黄色,高速K164+750M方向2,重型普通货车,50,2024/3/6 8:02
132,大型汽车,黄色,高速K164+750M方向2,重型普通货车,49,2024/3/6 8:03
130,小型汽车,蓝色,高速K164+750M方向2,小型轿车,69,2024/3/6 8:03
131,小型汽车,蓝色,高速K164+750M方向1,小型轿车,84,2024/3/6 8:03
133,大型汽车,黄色,高速K164+750M方向2,重型普通货车,62,2024/3/6 8:04
136,大型汽车,黄色,高速K164+750M方向2,重型普通货车,65,2024/3/6 8:04
134,警用汽车,白色,高速K164+750M方向2,小型轿车,59,2024/3/6 8:04
135,小型汽车,蓝色,高速K164+750M方向2,小型轿车,68,2024/3/6 8:04
137,大型汽车,黄色,高速K164+750M方向2,重型普通货车,51,2024/3/6 8:05
138,大型汽车,黄色,高速K164+750M方向2,重型普通货车,55,2024/3/6 8:05
0,无法识别,其它颜色,高速K164+750M方向1,小型轿车,84,2024/3/6 8:05
0,无法识别,其它颜色,高速K164+750M方向2,其它,60,2024/3/6 8:05
0,无法识别,其它颜色,高速K164+750M方向2,中型普通客车,62,2024/3/6 8:05
139,小型汽车,蓝色,高速K209+820M方向2,小型轿车,18,2024/3/6 8:06
140,小型汽车,蓝色,高速K209+820M方向2,小型轿车,68,2024/3/6 8:06
145,大型汽车,黄色,高速K209+820M方向2,重型普通货车,61,2024/3/6 8:07
146,大型汽车,黄色,高速K164+750M方向2,重型普通货车,51,2024/3/6 8:07
147,大型汽车,黄色,高速K209+820M方向2,重型普通货车,60,2024/3/6 8:07
0,无法识别,其它颜色,高速K164+750M方向1,其它,70,2024/3/6 8:07
0,无法识别,其它颜色,高速K164+750M方向2,其它,69,2024/3/6 8:07
141,小型汽车,蓝色,高速K209+820M方向1,小型轿车,78,2024/3/6 8:07
142,小型汽车,蓝色,高速K209+820M方向2,小型轿车,64,2024/3/6 8:07
144,小型汽车,蓝色,高速K209+820M方向2,小型轿车,82,2024/3/6 8:07
143,小型新能源汽车,绿色,高速K209+820M方向1,小型轿车,75,2024/3/6 8:07
152,大型汽车,黄色,高速K209+820M方向2,重型普通货车,60,2024/3/6 8:08
154,大型汽车,黄色,高速K209+820M方向2,重型普通货车,58,2024/3/6 8:08
0,无法识别,其它颜色,高速K164+750M方向2,其它,48,2024/3/6 8:08
0,无法识别,其它颜色,高速K209+820M方向2,其它,57,2024/3/6 8:08
148,小型汽车,蓝色,高速K164+750M方向2,小型轿车,68,2024/3/6 8:08
149,小型汽车,蓝色,高速K164+750M方向1,小型轿车,70,2024/3/6 8:08
150,小型汽车,蓝色,高速K209+820M方向2,小型轿车,74,2024/3/6 8:08
151,小型汽车,蓝色,高速K164+750M方向1,小型轿车,65,2024/3/6 8:08
153,小型汽车,蓝色,高速K209+820M方向2,小型轿车,37,2024/3/6 8:08
155,大型汽车,黄色,高速K209+820M方向2,重型普通货车,62,2024/3/6 8:09
163,大型汽车,黄色,高速K164+750M方向2,重型普通货车,52,2024/3/6 8:09
164,大型汽车,黄色,高速K164+750M方向2,重型普通货车,48,2024/3/6 8:09
156,小型汽车,蓝色,高速K209+820M方向1,小型轿车,73,2024/3/6 8:09
157,小型汽车,蓝色,高速K209+820M方向1,小型轿车,68,2024/3/6 8:09
158,小型汽车,蓝色,高速K164+750M方向1,小型轿车,86,2024/3/6 8:09
159,小型汽车,蓝色,高速K209+820M方向1,小型轿车,75,2024/3/6 8:09
160,小型汽车,蓝色,高速K164+750M方向2,小型轿车,70,2024/3/6 8:09
161,小型汽车,蓝色,高速K209+820M方向1,小型轿车,73,2024/3/6 8:09
162,小型汽车,蓝色,高速K209+820M方向1,小型轿车,72,2024/3/6 8:09
165,小型汽车,蓝色,高速K209+820M方向2,小型轿车,79,2024/3/6 8:09
168,大型汽车,黄色,高速K209+820M方向2,重型普通货车,60,2024/3/6 8:10
169,大型汽车,黄色,高速K209+820M方向2,重型普通货车,58,2024/3/6 8:10
167,小型汽车,蓝色,高速K164+750M方向1,小型轿车,84,2024/3/6 8:10
170,小型汽车,蓝色,高速K209+820M方向1,小型轿车,70,2024/3/6 8:10
171,小型汽车,蓝色,高速K209+820M方向2,小型轿车,66,2024/3/6 8:10
166,小型新能源汽车,绿色,高速K209+820M方向2,小型轿车,73,2024/3/6 8:10
174,大型汽车,黄色,高速K164+750M方向2,重型普通货车,65,2024/3/6 8:11
175,大型汽车,黄色,高速K164+750M方向2,重型普通货车,57,2024/3/6 8:11
176,大型汽车,黄色,高速K164+750M方向2,重型普通货车,57,2024/3/6 8:11
178,大型汽车,黄色,高速K209+820M方向2,重型普通货车,59,2024/3/6 8:11
181,大型汽车,黄色,高速K164+750M方向2,重型普通货车,52,2024/3/6 8:11
172,小型汽车,蓝色,高速K164+750M方向2,小型轿车,57,2024/3/6 8:11
173,小型汽车,蓝色,高速K209+820M方向2,小型轿车,61,2024/3/6 8:11
177,小型汽车,蓝色,高速K164+750M方向1,小型轿车,76,2024/3/6 8:11
179,小型汽车,蓝色,高速K209+820M方向2,轻型普通货车,53,2024/3/6 8:11
182,小型汽车,蓝色,高速K209+820M方向2,小型轿车,63,2024/3/6 8:11
180,小型新能源汽车,绿色,高速K209+820M方向1,小型轿车,69,2024/3/6 8:11
187,大型汽车,黄色,高速K209+820M方向2,重型普通货车,59,2024/3/6 8:12
0,无法识别,其它颜色,高速K164+750M方向2,大型普通客车,36,2024/3/6 8:12
183,小型汽车,蓝色,高速K209+820M方向2,小型轿车,73,2024/3/6 8:12
184,小型汽车,蓝色,高速K209+820M方向2,小型轿车,83,2024/3/6 8:12
185,小型汽车,蓝色,高速K164+750M方向1,小型轿车,82,2024/3/6 8:12
186,小型汽车,蓝色,高速K209+820M方向2,小型轿车,59,2024/3/6 8:12
188,小型新能源汽车,绿色,高速K164+750M方向1,小型轿车,71,2024/3/6 8:12
189,大型汽车,黄色,高速K209+820M方向2,重型普通货车,56,2024/3/6 8:13
193,大型汽车,黄色,高速K209+820M方向2,大型普通客车,53,2024/3/6 8:13
194,大型汽车,黄色,高速K164+750M方向2,重型普通货车,40,2024/3/6 8:13
191,警用汽车,白色,高速K164+750M方向1,小型轿车,97,2024/3/6 8:13
190,小型汽车,蓝色,高速K209+820M方向1,小型轿车,69,2024/3/6 8:13
192,小型汽车,蓝色,高速K209+820M方向1,小型轿车,72,2024/3/6 8:13
195,小型汽车,蓝色,高速K164+750M方向1,小型轿车,70,2024/3/6 8:13
199,大型汽车,黄色,高速K209+820M方向2,重型普通货车,63,2024/3/6 8:14
196,小型汽车,蓝色,高速K164+750M方向1,小型轿车,77,2024/3/6 8:14
197,小型汽车,蓝色,高速K209+820M方向2,小型轿车,86,2024/3/6 8:14
198,小型汽车,蓝色,高速K164+750M方向1,小型轿车,81,2024/3/6 8:14
200,小型汽车,蓝色,高速K209+820M方向1,轻型普通货车,75,2024/3/6 8:14
202,小型汽车,蓝色,高速K164+750M方向1,小型轿车,77,2024/3/6 8:14
203,小型汽车,蓝色,高速K164+750M方向1,小型轿车,64,2024/3/6 8:14
204,小型汽车,蓝色,高速K209+820M方向2,小型轿车,83,2024/3/6 8:14
201,小型新能源汽车,绿色,高速K164+750M方向1,小型轿车,70,2024/3/6 8:14
205,大型汽车,黄色,高速K164+750M方向2,重型普通货车,54,2024/3/6 8:15
206,小型汽车,蓝色,高速K209+820M方向1,小型轿车,89,2024/3/6 8:15
207,小型汽车,蓝色,高速K209+820M方向1,小型轿车,75,2024/3/6 8:15
208,小型汽车,蓝色,高速K209+820M方向2,小型轿车,57,2024/3/6 8:15
209,小型汽车,蓝色,高速K164+750M方向1,小型轿车,84,2024/3/6 8:15
210,大型汽车,黄色,高速K209+820M方向2,重型普通货车,56,2024/3/6 8:16
211,大型汽车,黄色,高速K164+750M方向2,重型普通货车,62,2024/3/6 8:16
212,大型汽车,黄色,高速K164+750M方向2,重型普通货车,60,2024/3/6 8:16
0,无法识别,其它颜色,高速K164+750M方向2,其它,54,2024/3/6 8:16
213,小型汽车,蓝色,高速K209+820M方向2,小型轿车,54,2024/3/6 8:16
214,小型汽车,蓝色,高速K164+750M方向2,小型轿车,70,2024/3/6 8:16
215,大型汽车,黄色,高速K164+750M方向2,重型普通货车,52,2024/3/6 8:17
216,大型汽车,黄色,高速K164+750M方向2,重型普通货车,52,2024/3/6 8:17
218,大型汽车,黄色,高速K164+750M方向2,重型普通货车,50,2024/3/6 8:17
0,无法识别,其它颜色,高速K164+750M方向2,其它,53,2024/3/6 8:17
217,小型汽车,蓝色,高速K209+820M方向2,小型轿车,57,2024/3/6 8:17
221,大型汽车,黄色,高速K209+820M方向2,重型普通货车,58,2024/3/6 8:18
219,小型汽车,蓝色,高速K209+820M方向2,小型轿车,60,2024/3/6 8:18
220,小型汽车,蓝色,高速K209+820M方向1,小型轿车,83,2024/3/6 8:18
222,小型汽车,蓝色,高速K209+820M方向1,小型轿车,82,2024/3/6 8:18
223,大型汽车,黄色,高速K164+750M方向2,重型普通货车,73,2024/3/6 8:19
224,大型汽车,黄色,高速K209+820M方向2,重型普通货车,48,2024/3/6 8:19
229,大型汽车,黄色,高速K164+750M方向2,重型普通货车,56,2024/3/6 8:19
232,大型汽车,黄色,高速K164+750M方向2,重型普通货车,59,2024/3/6 8:19
233,大型汽车,黄色,高速K164+750M方向2,重型普通货车,55,2024/3/6 8:19
225,小型汽车,蓝色,高速K209+820M方向1,小型轿车,75,2024/3/6 8:19
226,小型汽车,蓝色,高速K209+820M方向1,小型轿车,75,2024/3/6 8:19
227,小型汽车,蓝色,高速K209+820M方向1,小型轿车,77,2024/3/6 8:19
228,小型汽车,蓝色,高速K164+750M方向2,小型轿车,87,2024/3/6 8:19
230,小型汽车,蓝色,高速K164+750M方向1,小型轿车,74,2024/3/6 8:19
231,小型汽车,蓝色,高速K209+820M方向1,小型轿车,90,2024/3/6 8:19
236,大型汽车,黄色,高速K164+750M方向2,重型普通货车,48,2024/3/6 8:20
237,大型汽车,黄色,高速K164+750M方向2,重型普通货车,43,2024/3/6 8:20
241,大型汽车,黄色,高速K164+750M方向2,重型普通货车,49,2024/3/6 8:20
234,小型汽车,蓝色,高速K209+820M方向2,小型轿车,58,2024/3/6 8:20
235,小型汽车,蓝色,高速K209+820M方向1,小型轿车,74,2024/3/6 8:20
238,小型汽车,蓝色,高速K209+820M方向2,小型轿车,80,2024/3/6 8:20
239,小型汽车,蓝色,高速K209+820M方向1,小型轿车,84,2024/3/6 8:20
240,小型汽车,蓝色,高速K209+820M方向2,小型轿车,62,2024/3/6 8:20
242,大型汽车,黄色,高速K164+750M方向2,重型普通货车,55,2024/3/6 8:21
243,大型汽车,黄色,高速K164+750M方向2,重型普通货车,52,2024/3/6 8:21
249,大型汽车,黄色,高速K209+820M方向2,重型普通货车,60,2024/3/6 8:21
0,无法识别,其它颜色,高速K164+750M方向2,其它,55,2024/3/6 8:21
244,小型汽车,蓝色,高速K209+820M方向2,小型轿车,69,2024/3/6 8:21
245,小型汽车,蓝色,高速K164+750M方向1,小型轿车,72,2024/3/6 8:21
246,小型汽车,蓝色,高速K164+750M方向2,轻型普通货车,57,2024/3/6 8:21
247,小型汽车,蓝色,高速K164+750M方向1,小型轿车,83,2024/3/6 8:21
248,小型汽车,蓝色,高速K164+750M方向1,小型轿车,77,2024/3/6 8:21
252,大型汽车,黄色,高速K164+750M方向2,重型普通货车,59,2024/3/6 8:22
254,大型汽车,黄色,高速K209+820M方向2,重型普通货车,59,2024/3/6 8:22
0,无法识别,其它颜色,高速K209+820M方向2,其它,43,2024/3/6 8:22
250,小型汽车,蓝色,高速K209+820M方向2,小型轿车,65,2024/3/6 8:22
251,小型汽车,蓝色,高速K209+820M方向2,小型轿车,55,2024/3/6 8:22
253,小型汽车,蓝色,高速K209+820M方向2,小型轿车,25,2024/3/6 8:22
255,小型汽车,蓝色,高速K209+820M方向1,小型轿车,72,2024/3/6 8:22
257,大型汽车,黄色,高速K209+820M方向2,重型普通货车,54,2024/3/6 8:23
259,大型汽车,黄色,高速K209+820M方向2,重型普通货车,64,2024/3/6 8:23
0,无法识别,其它颜色,高速K164+750M方向2,其它,64,2024/3/6 8:23
256,小型汽车,蓝色,高速K164+750M方向2,小型轿车,95,2024/3/6 8:23
258,小型汽车,蓝色,高速K209+820M方向1,小型轿车,74,2024/3/6 8:23
260,小型汽车,蓝色,高速K209+820M方向1,小型轿车,77,2024/3/6 8:23
261,大型汽车,黄色,高速K164+750M方向2,重型普通货车,47,2024/3/6 8:24
262,大型汽车,黄色,高速K209+820M方向2,重型普通货车,54,2024/3/6 8:24
263,大型汽车,黄色,高速K164+750M方向2,重型普通货车,63,2024/3/6 8:24
265,大型汽车,黄色,高速K209+820M方向2,重型普通货车,60,2024/3/6 8:24
266,大型汽车,黄色,高速K209+820M方向2,重型普通货车,61,2024/3/6 8:24
267,警用汽车,白色,高速K209+820M方向1,小型轿车,63,2024/3/6 8:24
264,小型汽车,蓝色,高速K164+750M方向1,小型轿车,65,2024/3/6 8:24
268,小型汽车,蓝色,高速K209+820M方向1,小型轿车,84,2024/3/6 8:24
269,小型汽车,蓝色,高速K209+820M方向1,小型轿车,75,2024/3/6 8:24
271,大型汽车,黄色,高速K164+750M方向2,重型普通货车,54,2024/3/6 8:25
272,大型汽车,黄色,高速K209+820M方向2,重型普通货车,51,2024/3/6 8:25
274,大型汽车,黄色,高速K164+750M方向2,重型普通货车,55,2024/3/6 8:25
275,大型汽车,黄色,高速K209+820M方向2,重型普通货车,58,2024/3/6 8:25
270,小型汽车,蓝色,高速K164+750M方向1,小型轿车,80,2024/3/6 8:25
273,小型汽车,蓝色,高速K209+820M方向1,小型轿车,76,2024/3/6 8:25
276,大型汽车,黄色,高速K209+820M方向2,大型普通客车,53,2024/3/6 8:26
280,大型汽车,黄色,高速K164+750M方向2,重型普通货车,68,2024/3/6 8:26
277,小型汽车,蓝色,高速K209+820M方向1,小型轿车,97,2024/3/6 8:26
278,小型汽车,蓝色,高速K209+820M方向2,小型轿车,54,2024/3/6 8:26
279,小型汽车,蓝色,高速K164+750M方向2,小型轿车,67,2024/3/6 8:26
283,大型汽车,黄色,高速K209+820M方向2,重型普通货车,54,2024/3/6 8:27
285,大型汽车,黄色,高速K164+750M方向2,重型普通货车,65,2024/3/6 8:27
286,大型汽车,黄色,高速K164+750M方向2,重型普通货车,42,2024/3/6 8:27
288,大型汽车,黄色,高速K164+750M方向2,重型普通货车,62,2024/3/6 8:27
0,无法识别,其它颜色,高速K164+750M方向2,其它,41,2024/3/6 8:27
281,小型汽车,蓝色,高速K164+750M方向1,小型轿车,80,2024/3/6 8:27
282,小型汽车,蓝色,高速K164+750M方向2,小型轿车,70,2024/3/6 8:27
284,小型汽车,蓝色,高速K209+820M方向2,小型轿车,73,2024/3/6 8:27
287,小型汽车,蓝色,高速K209+820M方向1,小型轿车,60,2024/3/6 8:27
294,大型汽车,黄色,高速K164+750M方向2,重型普通货车,64,2024/3/6 8:28
0,无法识别,其它颜色,高速K209+820M方向2,小型轿车,76,2024/3/6 8:28
289,小型汽车,蓝色,高速K209+820M方向1,小型轿车,63,2024/3/6 8:28
290,小型汽车,蓝色,高速K209+820M方向1,小型轿车,56,2024/3/6 8:28
291,小型汽车,蓝色,高速K209+820M方向1,小型轿车,59,2024/3/6 8:28
292,小型汽车,蓝色,高速K209+820M方向2,小型轿车,64,2024/3/6 8:28
293,小型汽车,蓝色,高速K209+820M方向2,小型轿车,61,2024/3/6 8:28
295,小型汽车,蓝色,高速K209+820M方向1,小型轿车,62,2024/3/6 8:28
296,小型汽车,蓝色,高速K209+820M方向2,轻型普通货车,53,2024/3/6 8:28
300,大型汽车,黄色,高速K209+820M方向2,重型普通货车,57,2024/3/6 8:29
0,无法识别,其它颜色,高速K209+820M方向2,其它,56,2024/3/6 8:29
297,小型汽车,蓝色,高速K209+820M方向2,轻型普通货车,66,2024/3/6 8:29
299,小型汽车,蓝色,高速K209+820M方向2,小型轿车,64,2024/3/6 8:29
301,小型汽车,蓝色,高速K164+750M方向2,小型轿车,75,2024/3/6 8:29
298,小型新能源汽车,绿色,高速K164+750M方向2,小型轿车,63,2024/3/6 8:29
302,小型新能源汽车,绿色,高速K209+820M方向1,小型轿车,67,2024/3/6 8:29
303,大型汽车,黄色,高速K164+750M方向2,重型普通货车,55,2024/3/6 8:30
306,大型汽车,黄色,高速K164+750M方向2,重型普通货车,70,2024/3/6 8:30
307,大型汽车,黄色,高速K164+750M方向2,重型普通货车,54,2024/3/6 8:30
310,大型汽车,黄色,高速K164+750M方向2,重型普通货车,57,2024/3/6 8:30
304,小型汽车,蓝色,高速K164+750M方向1,小型轿车,79,2024/3/6 8:30
305,小型汽车,蓝色,高速K209+820M方向2,小型轿车,58,2024/3/6 8:30
308,小型汽车,蓝色,高速K164+750M方向2,小型轿车,70,2024/3/6 8:30
309,小型汽车,蓝色,高速K209+820M方向2,轻型普通货车,59,2024/3/6 8:30
311,大型汽车,黄色,高速K164+750M方向1,大型普通客车,66,2024/3/6 8:31
312,大型汽车,黄色,高速K164+750M方向2,重型普通货车,59,2024/3/6 8:31
0,无法识别,其它颜色,高速K164+750M方向2,其它,60,2024/3/6 8:31
0,无法识别,其它颜色,高速K209+820M方向1,小型轿车,82,2024/3/6 8:31
313,小型汽车,蓝色,高速K164+750M方向2,小型轿车,68,2024/3/6 8:31
314,小型汽车,蓝色,高速K209+820M方向2,小型轿车,45,2024/3/6 8:31
315,小型汽车,蓝色,高速K209+820M方向2,小型轿车,40,2024/3/6 8:31
316,小型汽车,蓝色,高速K209+820M方向1,小型轿车,79,2024/3/6 8:31
317,小型汽车,蓝色,高速K209+820M方向2,小型轿车,55,2024/3/6 8:31
320,大型汽车,黄色,高速K164+750M方向2,重型普通货车,65,2024/3/6 8:32
321,大型汽车,黄色,高速K209+820M方向2,重型普通货车,54,2024/3/6 8:32
322,大型汽车,黄色,高速K209+820M方向2,重型普通货车,50,2024/3/6 8:32
318,小型汽车,蓝色,高速K209+820M方向1,小型轿车,75,2024/3/6 8:32
319,小型汽车,蓝色,高速K209+820M方向1,小型轿车,75,2024/3/6 8:32
323,小型汽车,蓝色,高速K209+820M方向1,小型轿车,81,2024/3/6 8:32
324,小型汽车,蓝色,高速K209+820M方向2,小型轿车,58,2024/3/6 8:32
325,小型汽车,蓝色,高速K164+750M方向1,小型轿车,77,2024/3/6 8:32
326,小型汽车,蓝色,高速K164+750M方向1,小型轿车,72,2024/3/6 8:32
327,小型汽车,蓝色,高速K209+820M方向2,小型轿车,53,2024/3/6 8:32
328,大型汽车,黄色,高速K164+750M方向2,重型普通货车,64,2024/3/6 8:33
329,大型汽车,黄色,高速K209+820M方向2,重型普通货车,65,2024/3/6 8:33
330,大型汽车,黄色,高速K164+750M方向2,重型普通货车,52,2024/3/6 8:33
331,大型汽车,黄色,高速K164+750M方向2,重型普通货车,54,2024/3/6 8:33
332,大型汽车,黄色,高速K164+750M方向2,重型普通货车,56,2024/3/6 8:33
335,大型汽车,黄色,高速K164+750M方向1,大型普通客车,68,2024/3/6 8:33
336,大型汽车,黄色,高速K209+820M方向2,重型普通货车,61,2024/3/6 8:33
338,大型汽车,黄色,高速K164+750M方向2,重型普通货车,72,2024/3/6 8:33
340,大型汽车,黄色,高速K164+750M方向2,重型普通货车,57,2024/3/6 8:33
333,小型汽车,蓝色,高速K209+820M方向2,小型轿车,78,2024/3/6 8:33
334,小型汽车,蓝色,高速K209+820M方向2,小型轿车,59,2024/3/6 8:33
337,小型汽车,蓝色,高速K164+750M方向1,小型轿车,77,2024/3/6 8:33
339,小型汽车,蓝色,高速K209+820M方向2,小型轿车,66,2024/3/6 8:33
342,大型汽车,黄色,高速K209+820M方向1,重型普通货车,65,2024/3/6 8:34
343,大型汽车,黄色,高速K209+820M方向2,重型普通货车,56,2024/3/6 8:34
344,大型汽车,黄色,高速K209+820M方向2,重型普通货车,56,2024/3/6 8:34
345,大型汽车,黄色,高速K164+750M方向2,重型普通货车,61,2024/3/6 8:34
346,大型汽车,黄色,高速K209+820M方向2,重型普通货车,70,2024/3/6 8:34
0,无法识别,其它颜色,高速K209+820M方向2,其它,56,2024/3/6 8:34
341,小型汽车,蓝色,高速K164+750M方向1,小型轿车,88,2024/3/6 8:34
350,大型汽车,黄色,高速K209+820M方向2,重型普通货车,58,2024/3/6 8:35
347,小型汽车,蓝色,高速K209+820M方向2,小型轿车,72,2024/3/6 8:35
348,小型汽车,蓝色,高速K209+820M方向1,小型轿车,71,2024/3/6 8:35
349,小型汽车,蓝色,高速K209+820M方向2,小型轿车,82,2024/3/6 8:35
351,小型汽车,蓝色,高速K209+820M方向2,小型轿车,60,2024/3/6 8:35
358,大型汽车,黄色,高速K209+820M方向2,重型普通货车,73,2024/3/6 8:36
0,无法识别,其它颜色,高速K164+750M方向1,小型轿车,80,2024/3/6 8:36
352,小型汽车,蓝色,高速K209+820M方向2,小型轿车,72,2024/3/6 8:36
353,小型汽车,蓝色,高速K209+820M方向1,小型轿车,70,2024/3/6 8:36
354,小型汽车,蓝色,高速K164+750M方向2,轻型普通货车,56,2024/3/6 8:36
355,小型汽车,蓝色,高速K209+820M方向2,小型轿车,51,2024/3/6 8:36
356,小型汽车,蓝色,高速K164+750M方向1,小型轿车,84,2024/3/6 8:36
357,小型汽车,蓝色,高速K164+750M方向1,小型轿车,81,2024/3/6 8:36
360,大型汽车,黄色,高速K209+820M方向2,重型普通货车,64,2024/3/6 8:37
362,大型汽车,黄色,高速K209+820M方向2,中型普通客车,53,2024/3/6 8:37
365,大型汽车,黄色,高速K164+750M方向2,重型普通货车,56,2024/3/6 8:37
366,大型汽车,黄色,高速K101+400M方向,重型普通货车,70,2024/3/6 8:37
369,大型汽车,黄色,高速K101+400M方向,重型普通货车,78,2024/3/6 8:37
71,大型汽车,黄色,高速K101+400M方向,重型普通货车,63,2024/3/6 8:37
359,小型汽车,蓝色,高速K209+820M方向1,小型轿车,79,2024/3/6 8:37
361,小型汽车,蓝色,高速K209+820M方向1,轻型普通货车,74,2024/3/6 8:37
363,小型汽车,蓝色,高速K209+820M方向1,小型轿车,69,2024/3/6 8:37
368,小型汽车,蓝色,高速K101+400M方向,小型轿车,103,2024/3/6 8:37
370,小型汽车,蓝色,高速K164+750M方向2,轻型普通货车,60,2024/3/6 8:37
371,小型汽车,蓝色,高速K209+820M方向2,小型轿车,67,2024/3/6 8:37
372,小型汽车,蓝色,高速K101+400M方向,微型普通货车,78,2024/3/6 8:37
364,小型新能源汽车,绿色,高速K209+820M方向2,小型轿车,79,2024/3/6 8:37
367,小型新能源汽车,绿色,高速K209+820M方向2,小型轿车,65,2024/3/6 8:37
378,大型汽车,黄色,高速K101+400M方向,重型普通货车,74,2024/3/6 8:38
102,大型汽车,黄色,高速K101+400M方向,大型普通客车,65,2024/3/6 8:38
79,大型汽车,黄色,高速K101+400M方向,重型普通货车,78,2024/3/6 8:38
373,小型汽车,蓝色,高速K209+820M方向1,小型轿车,97,2024/3/6 8:38
374,小型汽车,蓝色,高速K101+400M方向,小型轿车,99,2024/3/6 8:38
165,小型汽车,蓝色,高速K164+750M方向1,小型轿车,80,2024/3/6 8:38
376,小型汽车,蓝色,高速K101+400M方向,小型轿车,94,2024/3/6 8:38
377,小型汽车,蓝色,高速K209+820M方向2,小型轿车,31,2024/3/6 8:38
46,小型汽车,蓝色,高速K101+400M方向,小型轿车,99,2024/3/6 8:38
379,小型汽车,蓝色,高速K101+400M方向,小型轿车,95,2024/3/6 8:38
53,小型汽车,蓝色,高速K101+400M方向,轻型普通货车,68,2024/3/6 8:38
380,小型汽车,蓝色,高速K209+820M方向2,小型轿车,82,2024/3/6 8:38
381,小型汽车,蓝色,高速K101+400M方向,微型普通货车,72,2024/3/6 8:38
382,小型汽车,蓝色,高速K209+820M方向1,小型轿车,80,2024/3/6 8:38
383,小型汽车,蓝色,高速K101+400M方向,小型轿车,99,2024/3/6 8:38
384,小型汽车,蓝色,高速K101+400M方向,小型轿车,107,2024/3/6 8:38
385,小型汽车,蓝色,高速K101+400M方向,小型轿车,89,2024/3/6 8:38
386,小型汽车,蓝色,高速K101+400M方向,小型轿车,90,2024/3/6 8:38
387,小型汽车,蓝色,高速K101+400M方向,小型轿车,108,2024/3/6 8:38
375,小型新能源汽车,绿色,高速K209+820M方向2,小型轿车,77,2024/3/6 8:38
389,大型汽车,黄色,高速K164+750M方向1,大型普通客车,62,2024/3/6 8:39
394,大型汽车,黄色,高速K164+750M方向2,重型普通货车,55,2024/3/6 8:39
395,大型汽车,黄色,高速K164+750M方向2,重型普通货车,62,2024/3/6 8:39
396,大型汽车,黄色,高速K164+750M方向2,重型普通货车,55,2024/3/6 8:39
399,大型汽车,黄色,高速K164+750M方向2,重型普通货车,52,2024/3/6 8:39
176,大型汽车,黄色,高速K132+50M方向1,重型普通货车,49,2024/3/6 8:39
400,教练汽车,黄色,高速K209+820M方向2,小型轿车,72,2024/3/6 8:39
388,小型汽车,蓝色,高速K209+820M方向1,小型轿车,70,2024/3/6 8:39
390,小型汽车,蓝色,高速K209+820M方向2,小型轿车,79,2024/3/6 8:39
391,小型汽车,蓝色,高速K101+400M方向,小型轿车,120,2024/3/6 8:39
392,小型汽车,蓝色,高速K101+400M方向,小型轿车,80,2024/3/6 8:39
393,小型汽车,蓝色,高速K164+750M方向2,小型轿车,65,2024/3/6 8:39
139,小型汽车,蓝色,高速K164+750M方向1,小型轿车,77,2024/3/6 8:39
397,小型汽车,蓝色,高速K209+820M方向2,小型轿车,68,2024/3/6 8:39
398,小型汽车,蓝色,高速K209+820M方向1,小型轿车,69,2024/3/6 8:39
97,大型汽车,黄色,高速K132+50M方向2,重型普通货车,28,2024/3/6 8:40
401,大型汽车,黄色,高速K164+750M方向2,重型普通货车,58,2024/3/6 8:40
402,大型汽车,黄色,高速K101+400M方向,重型普通货车,80,2024/3/6 8:40
406,大型汽车,黄色,高速K101+400M方向,重型普通货车,68,2024/3/6 8:40
67,大型汽车,黄色,高速K101+400M方向,重型普通货车,64,2024/3/6 8:40
411,大型汽车,黄色,高速K132+50M方向2,重型普通货车,30,2024/3/6 8:40
412,大型汽车,黄色,高速K132+50M方向2,重型普通货车,30,2024/3/6 8:40
414,大型汽车,黄色,高速K101+400M方向,重型普通货车,61,2024/3/6 8:40
415,大型汽车,黄色,高速K101+400M方向,重型普通货车,72,2024/3/6 8:40
418,大型汽车,黄色,高速K132+50M方向2,重型普通货车,41,2024/3/6 8:40
422,大型汽车,黄色,高速K164+750M方向2,重型普通货车,64,2024/3/6 8:40
0,无法识别,其它颜色,高速K132+50M方向2,其它,31,2024/3/6 8:40
0,无法识别,其它颜色,高速K132+50M方向2,其它,30,2024/3/6 8:40
159,小型汽车,蓝色,高速K164+750M方向1,小型轿车,77,2024/3/6 8:40
161,小型汽车,蓝色,高速K164+750M方向1,小型轿车,73,2024/3/6 8:40
117,小型汽车,蓝色,高速K101+400M方向,轻型普通货车,78,2024/3/6 8:40
403,小型汽车,蓝色,高速K101+400M方向,小型轿车,92,2024/3/6 8:40
404,小型汽车,蓝色,高速K101+400M方向,小型轿车,89,2024/3/6 8:40
407,小型汽车,蓝色,高速K101+400M方向,小型轿车,87,2024/3/6 8:40
408,小型汽车,蓝色,高速K209+820M方向2,小型轿车,51,2024/3/6 8:40
409,小型汽车,蓝色,高速K209+820M方向1,小型轿车,73,2024/3/6 8:40
410,小型汽车,蓝色,高速K209+820M方向2,小型轿车,84,2024/3/6 8:40
413,小型汽车,蓝色,高速K132+50M方向1,小型轿车,64,2024/3/6 8:40
416,小型汽车,蓝色,高速K101+400M方向,小型轿车,71,2024/3/6 8:40
417,小型汽车,蓝色,高速K132+50M方向1,小型轿车,59,2024/3/6 8:40
419,小型汽车,蓝色,高速K101+400M方向,小型轿车,89,2024/3/6 8:40
420,小型汽车,蓝色,高速K132+50M方向1,小型轿车,65,2024/3/6 8:40
421,小型汽车,蓝色,高速K164+750M方向1,小型轿车,72,2024/3/6 8:40
423,小型汽车,蓝色,高速K209+820M方向1,小型轿车,74,2024/3/6 8:40
405,小型新能源汽车,绿色,高速K101+400M方向,小型轿车,90,2024/3/6 8:40
427,大型汽车,黄色,高速K164+750M方向2,中型普通客车,54,2024/3/6 8:41
431,大型汽车,黄色,高速K132+50M方向2,重型普通货车,39,2024/3/6 8:41
105,大型汽车,黄色,高速K101+400M方向,重型普通货车,75,2024/3/6 8:41
435,大型汽车,黄色,高速K209+820M方向2,重型普通货车,53,2024/3/6 8:41
103,大型汽车,黄色,高速K101+400M方向,重型普通货车,83,2024/3/6 8:41
438,大型汽车,黄色,高速K132+50M方向2,大型普通客车,64,2024/3/6 8:41
440,大型汽车,黄色,高速K164+750M方向2,重型普通货车,70,2024/3/6 8:41
118,大型汽车,黄色,高速K132+50M方向2,重型普通货车,33,2024/3/6 8:41
441,大型汽车,黄色,高速K209+820M方向2,重型普通货车,72,2024/3/6 8:41
89,大型汽车,黄色,高速K101+400M方向,重型普通货车,65,2024/3/6 8:41
446,大型汽车,黄色,高速K132+50M方向2,重型普通货车,60,2024/3/6 8:41
447,大型汽车,黄色,高速K164+750M方向2,重型普通货车,52,2024/3/6 8:41
448,大型汽车,黄色,高速K101+400M方向,重型普通货车,68,2024/3/6 8:41
453,大型汽车,黄色,高速K132+50M方向2,重型普通货车,42,2024/3/6 8:41
454,大型汽车,黄色,高速K132+50M方向1,重型普通货车,62,2024/3/6 8:41
424,小型汽车,蓝色,高速K164+750M方向1,小型轿车,80,2024/3/6 8:41
425,小型汽车,蓝色,高速K209+820M方向1,小型轿车,89,2024/3/6 8:41
426,小型汽车,蓝色,高速K101+400M方向,轻型普通货车,99,2024/3/6 8:41
428,小型汽车,蓝色,高速K209+820M方向1,小型轿车,85,2024/3/6 8:41
429,小型汽车,蓝色,高速K209+820M方向2,小型轿车,68,2024/3/6 8:41
432,小型汽车,蓝色,高速K209+820M方向1,小型轿车,97,2024/3/6 8:41
433,小型汽车,蓝色,高速K101+400M方向,小型轿车,101,2024/3/6 8:41
434,小型汽车,蓝色,高速K101+400M方向,小型轿车,104,2024/3/6 8:41
436,小型汽车,蓝色,高速K101+400M方向,小型轿车,90,2024/3/6 8:41
439,小型汽车,蓝色,高速K101+400M方向,小型轿车,96,2024/3/6 8:41
443,小型汽车,蓝色,高速K164+750M方向1,小型轿车,84,2024/3/6 8:41
444,小型汽车,蓝色,高速K101+400M方向,微型普通货车,86,2024/3/6 8:41
445,小型汽车,蓝色,高速K132+50M方向1,小型轿车,77,2024/3/6 8:41
245,小型汽车,蓝色,高速K132+50M方向1,小型轿车,76,2024/3/6 8:41
256,小型汽车,蓝色,高速K132+50M方向1,小型轿车,74,2024/3/6 8:41
449,小型汽车,蓝色,高速K132+50M方向1,小型轿车,66,2024/3/6 8:41
450,小型汽车,蓝色,高速K101+400M方向,小型轿车,101,2024/3/6 8:41
451,小型汽车,蓝色,高速K101+400M方向,小型轿车,103,2024/3/6 8:41
452,小型汽车,蓝色,高速K101+400M方向,小型轿车,71,2024/3/6 8:41
430,小型新能源汽车,绿色,高速K101+400M方向,小型轿车,94,2024/3/6 8:41
437,小型新能源汽车,绿色,高速K132+50M方向1,小型轿车,58,2024/3/6 8:41
442,小型新能源汽车,绿色,高速K101+400M方向,小型轿车,110,2024/3/6 8:41
86,大型汽车,黄色,高速K101+400M方向,重型普通货车,72,2024/3/6 8:42
455,大型汽车,黄色,高速K132+50M方向2,重型普通货车,37,2024/3/6 8:42
457,大型汽车,黄色,高速K101+400M方向,大型普通客车,72,2024/3/6 8:42
458,大型汽车,黄色,高速K101+400M方向,重型普通货车,76,2024/3/6 8:42
0,无法识别,其它颜色,高速K132+50M方向2,其它,38,2024/3/6 8:42
0,无法识别,其它颜色,高速K132+50M方向2,其它,37,2024/3/6 8:42
456,小型汽车,蓝色,高速K209+820M方向1,小型轿车,89,2024/3/6 8:42
459,小型汽车,蓝色,高速K209+820M方向2,小型轿车,66,2024/3/6 8:42
460,小型汽车,蓝色,高速K209+820M方向1,小型轿车,66,2024/3/6 8:42
461,小型汽车,蓝色,高速K209+820M方向1,小型轿车,69,2024/3/6 8:42
462,小型汽车,蓝色,高速K164+750M方向1,小型轿车,72,2024/3/6 8:42
463,小型汽车,蓝色,高速K209+820M方向2,小型轿车,94,2024/3/6 8:42
264,小型汽车,蓝色,高速K132+50M方向1,小型轿车,72,2024/3/6 8:42
464,小型汽车,蓝色,高速K101+400M方向,微型普通货车,93,2024/3/6 8:42
465,小型汽车,蓝色,高速K132+50M方向1,小型轿车,85,2024/3/6 8:42
466,小型汽车,蓝色,高速K101+400M方向,小型轿车,100,2024/3/6 8:42
467,小型汽车,蓝色,高速K101+400M方向,小型轿车,101,2024/3/6 8:42
468,小型汽车,蓝色,高速K101+400M方向,小型轿车,86,2024/3/6 8:42
469,小型汽车,蓝色,高速K101+400M方向,小型轿车,95,2024/3/6 8:42
472,大型汽车,黄色,高速K209+820M方向2,重型普通货车,58,2024/3/6 8:43
479,大型汽车,黄色,高速K132+50M方向2,重型普通货车,34,2024/3/6 8:43
480,大型汽车,黄色,高速K164+750M方向2,重型普通货车,44,2024/3/6 8:43
481,大型汽车,黄色,高速K209+820M方向2,重型普通货车,61,2024/3/6 8:43
483,大型汽车,黄色,高速K164+750M方向2,重型普通货车,52,2024/3/6 8:43
485,大型汽车,黄色,高速K164+750M方向2,重型普通货车,60,2024/3/6 8:43
489,大型汽车,黄色,高速K101+400M方向,重型普通货车,77,2024/3/6 8:43
491,大型汽车,黄色,高速K209+820M方向2,重型普通货车,55,2024/3/6 8:43
492,大型汽车,黄色,高速K132+50M方向2,重型普通货车,59,2024/3/6 8:43
494,大型汽车,黄色,高速K209+820M方向2,重型普通货车,67,2024/3/6 8:43
0,无法识别,其它颜色,高速K132+50M方向2,其它,34,2024/3/6 8:43
0,无法识别,其它颜色,高速K164+750M方向2,重型普通货车,73,2024/3/6 8:43
0,无法识别,其它颜色,高速K132+50M方向2,其它,57,2024/3/6 8:43
470,小型汽车,蓝色,高速K132+50M方向1,小型轿车,79,2024/3/6 8:43
131,小型汽车,蓝色,高速K101+400M方向,小型轿车,97,2024/3/6 8:43
471,小型汽车,蓝色,高速K101+400M方向,小型轿车,109,2024/3/6 8:43
473,小型汽车,蓝色,高速K101+400M方向,小型轿车,95,2024/3/6 8:43
474,小型汽车,蓝色,高速K132+50M方向1,轻型普通货车,55,2024/3/6 8:43
475,小型汽车,蓝色,高速K101+400M方向,小型轿车,99,2024/3/6 8:43
476,小型汽车,蓝色,高速K209+820M方向2,小型轿车,56,2024/3/6 8:43
477,小型汽车,蓝色,高速K101+400M方向,小型轿车,97,2024/3/6 8:43
478,小型汽车,蓝色,高速K101+400M方向,微型普通货车,89,2024/3/6 8:43
484,小型汽车,蓝色,高速K132+50M方向1,小型轿车,60,2024/3/6 8:43
144,小型汽车,蓝色,高速K164+750M方向1,小型轿车,80,2024/3/6 8:43
486,小型汽车,蓝色,高速K209+820M方向2,轻型普通货车,53,2024/3/6 8:43
487,小型汽车,蓝色,高速K101+400M方向,小型轿车,105,2024/3/6 8:43
488,小型汽车,蓝色,高速K132+50M方向2,小型轿车,40,2024/3/6 8:43
493,小型汽车,蓝色,高速K209+820M方向1,小型轿车,76,2024/3/6 8:43
482,小型新能源汽车,绿色,高速K132+50M方向1,小型轿车,66,2024/3/6 8:43
490,小型新能源汽车,绿色,高速K101+400M方向,小型轿车,95,2024/3/6 8:43
223,大型汽车,黄色,高速K132+50M方向1,重型普通货车,68,2024/3/6 8:44
495,大型汽车,黄色,高速K101+400M方向,重型普通货车,74,2024/3/6 8:44
501,大型汽车,黄色,高速K209+820M方向2,重型普通货车,56,2024/3/6 8:44
507,大型汽车,黄色,高速K164+750M方向2,重型普通货车,62,2024/3/6 8:44
509,大型汽车,黄色,高速K132+50M方向2,重型普通货车,45,2024/3/6 8:44
513,大型汽车,黄色,高速K164+750M方向2,重型普通货车,59,2024/3/6 8:44
101,大型汽车,黄色,高速K101+400M方向,重型普通货车,82,2024/3/6 8:44
517,大型汽车,黄色,高速K209+820M方向2,重型普通货车,55,2024/3/6 8:44
503,教练汽车,黄色,高速K132+50M方向1,小型轿车,78,2024/3/6 8:44
0,无法识别,其它颜色,高速K132+50M方向1,其它,64,2024/3/6 8:44
0,无法识别,其它颜色,高速K209+820M方向2,其它,72,2024/3/6 8:44
192,小型汽车,蓝色,高速K164+750M方向2,小型轿车,77,2024/3/6 8:44
214,小型汽车,蓝色,高速K132+50M方向2,小型轿车,44,2024/3/6 8:44
496,小型汽车,蓝色,高速K132+50M方向1,小型轿车,71,2024/3/6 8:44
497,小型汽车,蓝色,高速K101+400M方向,小型轿车,100,2024/3/6 8:44
498,小型汽车,蓝色,高速K101+400M方向,轻型普通货车,90,2024/3/6 8:44
499,小型汽车,蓝色,高速K132+50M方向1,小型轿车,62,2024/3/6 8:44
500,小型汽车,蓝色,高速K132+50M方向1,小型轿车,78,2024/3/6 8:44
502,小型汽车,蓝色,高速K164+750M方向2,小型轿车,77,2024/3/6 8:44
504,小型汽车,蓝色,高速K101+400M方向,微型普通货车,80,2024/3/6 8:44
505,小型汽车,蓝色,高速K132+50M方向1,小型轿车,70,2024/3/6 8:44
506,小型汽车,蓝色,高速K101+400M方向,小型轿车,86,2024/3/6 8:44
508,小型汽车,蓝色,高速K209+820M方向1,小型轿车,80,2024/3/6 8:44
510,小型汽车,蓝色,高速K132+50M方向1,小型轿车,74,2024/3/6 8:44
184,小型汽车,蓝色,高速K164+750M方向1,小型轿车,73,2024/3/6 8:44
511,小型汽车,蓝色,高速K209+820M方向1,轻型普通货车,72,2024/3/6 8:44
512,小型汽车,蓝色,高速K101+400M方向,小型轿车,95,2024/3/6 8:44
514,小型汽车,蓝色,高速K209+820M方向2,小型轿车,28,2024/3/6 8:44
515,小型汽车,蓝色,高速K132+50M方向2,小型轿车,52,2024/3/6 8:44
516,小型汽车,蓝色,高速K132+50M方向1,小型轿车,60,2024/3/6 8:44
518,小型汽车,蓝色,高速K132+50M方向1,小型轿车,67,2024/3/6 8:44
519,小型汽车,蓝色,高速K209+820M方向1,小型轿车,78,2024/3/6 8:44
522,大型汽车,黄色,高速K101+400M方向,重型普通货车,0,2024/3/6 8:45
532,大型汽车,黄色,高速K132+50M方向2,重型普通货车,30,2024/3/6 8:45
533,大型汽车,黄色,高速K164+750M方向2,重型普通货车,70,2024/3/6 8:45
76,大型汽车,黄色,高速K101+400M方向,重型普通货车,65,2024/3/6 8:45
535,大型汽车,黄色,高速K132+50M方向2,重型普通货车,54,2024/3/6 8:45
536,大型汽车,黄色,高速K209+820M方向2,重型普通货车,61,2024/3/6 8:45
175,大型汽车,黄色,高速K132+50M方向2,重型普通货车,36,2024/3/6 8:45
0,无法识别,其它颜色,高速K132+50M方向2,其它,31,2024/3/6 8:45
0,无法识别,其它颜色,高速K132+50M方向2,其它,34,2024/3/6 8:45
520,小型汽车,蓝色,高速K101+400M方向,小型轿车,106,2024/3/6 8:45
523,小型汽车,蓝色,高速K101+400M方向,小型轿车,101,2024/3/6 8:45
524,小型汽车,蓝色,高速K101+400M方向,小型轿车,106,2024/3/6 8:45
167,小型汽车,蓝色,高速K132+50M方向1,小型轿车,90,2024/3/6 8:45
525,小型汽车,蓝色,高速K101+400M方向,小型轿车,106,2024/3/6 8:45
526,小型汽车,蓝色,高速K101+400M方向,小型轿车,107,2024/3/6 8:45
527,小型汽车,蓝色,高速K209+820M方向2,小型轿车,76,2024/3/6 8:45
528,小型汽车,蓝色,高速K101+400M方向,轻型普通货车,71,2024/3/6 8:45
529,小型汽车,蓝色,高速K101+400M方向,小型轿车,101,2024/3/6 8:45
531,小型汽车,蓝色,高速K101+400M方向,小型轿车,112,2024/3/6 8:45
534,小型汽车,蓝色,高速K101+400M方向,轻型普通货车,73,2024/3/6 8:45
135,小型汽车,蓝色,高速K101+400M方向,小型轿车,101,2024/3/6 8:45
130,小型汽车,蓝色,高速K101+400M方向,轻型普通货车,90,2024/3/6 8:45
537,小型汽车,蓝色,高速K101+400M方向,小型轿车,103,2024/3/6 8:45
270,小型汽车,蓝色,高速K132+50M方向1,小型轿车,73,2024/3/6 8:45
521,小型新能源汽车,绿色,高速K132+50M方向1,小型轿车,78,2024/3/6 8:45
530,小型新能源汽车,绿色,高速K132+50M方向1,小型轿车,76,2024/3/6 8:45
539,大型汽车,黄色,高速K132+50M方向1,重型普通货车,45,2024/3/6 8:46
540,大型汽车,黄色,高速K132+50M方向2,重型普通货车,26,2024/3/6 8:46
212,大型汽车,黄色,高速K132+50M方向2,重型普通货车,43,2024/3/6 8:46
545,大型汽车,黄色,高速K132+50M方向1,重型普通货车,56,2024/3/6 8:46
546,大型汽车,黄色,高速K209+820M方向2,重型普通货车,66,2024/3/6 8:46
88,大型汽车,黄色,高速K101+400M方向,重型普通货车,68,2024/3/6 8:46
544,警用汽车,白色,高速K132+50M方向1,小型轿车,73,2024/3/6 8:46
0,无法识别,其它颜色,高速K132+50M方向1,其它,57,2024/3/6 8:46
0,无法识别,其它颜色,高速K132+50M方向1,其它,57,2024/3/6 8:46
538,小型汽车,蓝色,高速K209+820M方向1,小型轿车,67,2024/3/6 8:46
541,小型汽车,蓝色,高速K132+50M方向1,小型轿车,47,2024/3/6 8:46
542,小型汽车,蓝色,高速K209+820M方向2,小型轿车,71,2024/3/6 8:46
207,小型汽车,蓝色,高速K164+750M方向1,小型轿车,76,2024/3/6 8:46
543,小型汽车,蓝色,高速K101+400M方向,小型轿车,103,2024/3/6 8:46
225,小型汽车,蓝色,高速K164+750M方向1,小型轿车,80,2024/3/6 8:46
548,小型汽车,蓝色,高速K209+820M方向2,小型轿车,61,2024/3/6 8:46
549,小型汽车,蓝色,高速K209+820M方向1,小型轿车,81,2024/3/6 8:46
550,小型汽车,蓝色,高速K209+820M方向2,小型轿车,61,2024/3/6 8:46
551,小型汽车,蓝色,高速K209+820M方向1,小型轿车,84,2024/3/6 8:46
552,小型汽车,蓝色,高速K101+400M方向,小型轿车,106,2024/3/6 8:46
553,小型汽车,蓝色,高速K209+820M方向2,轻型普通货车,68,2024/3/6 8:46
547,小型新能源汽车,绿色,高速K209+820M方向1,小型轿车,83,2024/3/6 8:46
557,大型汽车,黄色,高速K101+400M方向,重型普通货车,80,2024/3/6 8:47
559,大型汽车,黄色,高速K164+750M方向2,重型普通货车,71,2024/3/6 8:47
218,大型汽车,黄色,高速K132+50M方向2,重型普通货车,49,2024/3/6 8:47
232,大型汽车,黄色,高速K132+50M方向2,重型普通货车,49,2024/3/6 8:47
563,大型汽车,黄色,高速K132+50M方向2,重型普通货车,41,2024/3/6 8:47
565,大型汽车,黄色,高速K101+400M方向,重型普通货车,82,2024/3/6 8:47
569,大型汽车,黄色,高速K209+820M方向2,重型普通货车,59,2024/3/6 8:47
573,大型汽车,黄色,高速K209+820M方向2,重型普通货车,63,2024/3/6 8:47
574,大型汽车,黄色,高速K101+400M方向,重型普通货车,81,2024/3/6 8:47
575,大型汽车,黄色,高速K132+50M方向2,重型普通货车,31,2024/3/6 8:47
577,大型汽车,黄色,高速K132+50M方向1,重型普通货车,52,2024/3/6 8:47
578,大型汽车,黄色,高速K209+820M方向2,重型普通货车,63,2024/3/6 8:47
560,大型新能源汽车,黄色,高速K101+400M方向,大型普通客车,87,2024/3/6 8:47
554,小型汽车,蓝色,高速K101+400M方向,小型轿车,91,2024/3/6 8:47
186,小型汽车,蓝色,高速K164+750M方向2,小型轿车,72,2024/3/6 8:47
555,小型汽车,蓝色,高速K132+50M方向1,小型轿车,80,2024/3/6 8:47
556,小型汽车,蓝色,高速K209+820M方向1,小型轿车,63,2024/3/6 8:47
558,小型汽车,蓝色,高速K101+400M方向,小型轿车,82,2024/3/6 8:47
561,小型汽车,蓝色,高速K101+400M方向,小型轿车,107,2024/3/6 8:47
562,小型汽车,蓝色,高速K101+400M方向,小型轿车,103,2024/3/6 8:47
151,小型汽车,蓝色,高速K101+400M方向,小型轿车,91,2024/3/6 8:47
564,小型汽车,蓝色,高速K164+750M方向2,小型轿车,79,2024/3/6 8:47
171,小型汽车,蓝色,高速K164+750M方向1,小型轿车,64,2024/3/6 8:47
566,小型汽车,蓝色,高速K209+820M方向2,轻型普通货车,67,2024/3/6 8:47
567,小型汽车,蓝色,高速K101+400M方向,小型轿车,121,2024/3/6 8:47
568,小型汽车,蓝色,高速K101+400M方向,小型轿车,97,2024/3/6 8:47
570,小型汽车,蓝色,高速K101+400M方向,小型轿车,116,2024/3/6 8:47
571,小型汽车,蓝色,高速K132+50M方向1,小型轿车,69,2024/3/6 8:47
572,小型汽车,蓝色,高速K209+820M方向1,小型轿车,83,2024/3/6 8:47
576,小型汽车,蓝色,高速K132+50M方向1,小型轿车,72,2024/3/6 8:47
586,大型汽车,黄色,高速K164+750M方向2,重型普通货车,63,2024/3/6 8:48
73,大型汽车,黄色,高速K132+50M方向2,重型普通货车,29,2024/3/6 8:48
136,大型汽车,黄色,高速K132+50M方向2,重型普通货车,57,2024/3/6 8:48
98,大型汽车,黄色,高速K101+400M方向,重型普通货车,75,2024/3/6 8:48
0,无法识别,其它颜色,高速K132+50M方向2,小型轿车,55,2024/3/6 8:48
158,小型汽车,蓝色,高速K101+400M方向,小型轿车,108,2024/3/6 8:48
579,小型汽车,蓝色,高速K209+820M方向1,小型轿车,72,2024/3/6 8:48
580,小型汽车,蓝色,高速K132+50M方向1,小型轿车,60,2024/3/6 8:48
581,小型汽车,蓝色,高速K132+50M方向2,小型轿车,49,2024/3/6 8:48
582,小型汽车,蓝色,高速K101+400M方向,轻型普通货车,77,2024/3/6 8:48
583,小型汽车,蓝色,高速K209+820M方向1,小型轿车,85,2024/3/6 8:48
584,小型汽车,蓝色,高速K101+400M方向,小型轿车,111,2024/3/6 8:48
585,小型汽车,蓝色,高速K209+820M方向2,小型轿车,66,2024/3/6 8:48
115,小型汽车,蓝色,高速K101+400M方向,轻型普通货车,74,2024/3/6 8:48
156,小型汽车,蓝色,高速K164+750M方向1,小型轿车,78,2024/3/6 8:48
587,小型汽车,蓝色,高速K101+400M方向,小型轿车,96,2024/3/6 8:48
588,小型汽车,蓝色,高速K101+400M方向,小型轿车,101,2024/3/6 8:48
589,小型汽车,蓝色,高速K209+820M方向2,小型轿车,62,2024/3/6 8:48
590,小型汽车,蓝色,高速K132+50M方向1,小型轿车,68,2024/3/6 8:48
591,小型汽车,蓝色,高速K164+750M方向1,小型轿车,84,2024/3/6 8:48
592,小型汽车,蓝色,高速K101+400M方向,小型轿车,96,2024/3/6 8:48
593,小型汽车,蓝色,高速K209+820M方向1,小型轿车,83,2024/3/6 8:48
594,小型汽车,蓝色,高速K101+400M方向,轻型普通货车,97,2024/3/6 8:48
595,小型汽车,蓝色,高速K132+50M方向2,小型轿车,63,2024/3/6 8:48
304,小型汽车,蓝色,高速K132+50M方向1,小型轿车,71,2024/3/6 8:48
596,大型汽车,黄色,高速K101+400M方向,重型普通货车,64,2024/3/6 8:49
597,大型汽车,黄色,高速K101+400M方向,重型普通货车,68,2024/3/6 8:49
601,大型汽车,黄色,高速K164+750M方向2,重型普通货车,66,2024/3/6 8:49
106,大型汽车,黄色,高速K132+50M方向2,重型普通货车,35,2024/3/6 8:49
609,大型汽车,黄色,高速K101+400M方向,重型普通货车,72,2024/3/6 8:49
611,大型汽车,黄色,高速K101+400M方向,重型普通货车,70,2024/3/6 8:49
614,大型汽车,黄色,高速K209+820M方向2,重型普通货车,62,2024/3/6 8:49
0,无法识别,其它颜色,高速K132+50M方向2,其它,35,2024/3/6 8:49
0,无法识别,其它颜色,高速K132+50M方向1,其它,67,2024/3/6 8:49
599,小型汽车,蓝色,高速K101+400M方向,小型轿车,87,2024/3/6 8:49
600,小型汽车,蓝色,高速K101+400M方向,小型轿车,97,2024/3/6 8:49
602,小型汽车,蓝色,高速K101+400M方向,小型轿车,131,2024/3/6 8:49
281,小型汽车,蓝色,高速K132+50M方向2,小型轿车,70,2024/3/6 8:49
603,小型汽车,蓝色,高速K209+820M方向2,小型轿车,61,2024/3/6 8:49
604,小型汽车,蓝色,高速K101+400M方向,小型轿车,105,2024/3/6 8:49
605,小型汽车,蓝色,高速K101+400M方向,小型轿车,97,2024/3/6 8:49
606,小型汽车,蓝色,高速K209+820M方向2,小型轿车,68,2024/3/6 8:49
607,小型汽车,蓝色,高速K101+400M方向,小型轿车,101,2024/3/6 8:49
608,小型汽车,蓝色,高速K132+50M方向1,小型轿车,71,2024/3/6 8:49
610,小型汽车,蓝色,高速K101+400M方向,小型轿车,106,2024/3/6 8:49
612,小型汽车,蓝色,高速K132+50M方向1,小型轿车,67,2024/3/6 8:49
220,小型汽车,蓝色,高速K164+750M方向1,小型轿车,72,2024/3/6 8:49
613,小型汽车,蓝色,高速K101+400M方向,小型轿车,91,2024/3/6 8:49
196,小型汽车,蓝色,高速K101+400M方向,小型轿车,94,2024/3/6 8:49
598,小型新能源汽车,绿色,高速K101+400M方向,轻型普通货车,81,2024/3/6 8:49
615,大型汽车,黄色,高速K132+50M方向2,重型普通货车,41,2024/3/6 8:50
205,大型汽车,黄色,高速K132+50M方向2,重型普通货车,30,2024/3/6 8:50
623,大型汽车,黄色,高速K132+50M方向2,重型普通货车,25,2024/3/6 8:50
624,大型汽车,黄色,高速K101+400M方向,大型普通客车,76,2024/3/6 8:50
627,大型汽车,黄色,高速K209+820M方向2,中型普通客车,52,2024/3/6 8:50
628,大型汽车,黄色,高速K209+820M方向1,重型普通货车,58,2024/3/6 8:50
111,大型汽车,黄色,高速K101+400M方向,重型普通货车,72,2024/3/6 8:50
632,大型汽车,黄色,高速K132+50M方向2,重型普通货车,68,2024/3/6 8:50
191,警用汽车,白色,高速K101+400M方向,小型轿车,120,2024/3/6 8:50
0,无法识别,其它颜色,高速K209+820M方向1,其它,3,2024/3/6 8:50
0,无法识别,其它颜色,高速K132+50M方向2,其它,68,2024/3/6 8:50
0,无法识别,其它颜色,高速K132+50M方向2,其它,67,2024/3/6 8:50
616,小型汽车,蓝色,高速K209+820M方向1,小型轿车,73,2024/3/6 8:50
618,小型汽车,蓝色,高速K164+750M方向1,小型轿车,79,2024/3/6 8:50
244,小型汽车,蓝色,高速K164+750M方向1,小型轿车,78,2024/3/6 8:50
619,小型汽车,蓝色,高速K101+400M方向,小型轿车,114,2024/3/6 8:50
620,小型汽车,蓝色,高速K209+820M方向1,小型轿车,94,2024/3/6 8:50
621,小型汽车,蓝色,高速K209+820M方向1,小型轿车,68,2024/3/6 8:50
622,小型汽车,蓝色,高速K209+820M方向2,小型轿车,70,2024/3/6 8:50
625,小型汽车,蓝色,高速K101+400M方向,轻型普通货车,78,2024/3/6 8:50
626,小型汽车,蓝色,高速K209+820M方向1,小型轿车,85,2024/3/6 8:50
629,小型汽车,蓝色,高速K101+400M方向,轻型普通货车,100,2024/3/6 8:50
231,小型汽车,蓝色,高速K164+750M方向2,小型轿车,80,2024/3/6 8:50
630,小型汽车,蓝色,高速K101+400M方向,微型普通货车,106,2024/3/6 8:50
631,小型汽车,蓝色,高速K101+400M方向,小型轿车,111,2024/3/6 8:50
279,小型汽车,蓝色,高速K132+50M方向1,小型轿车,69,2024/3/6 8:50
633,小型汽车,蓝色,高速K101+400M方向,小型轿车,100,2024/3/6 8:50
634,小型汽车,蓝色,高速K132+50M方向1,小型轿车,63,2024/3/6 8:50
617,小型新能源汽车,绿色,高速K101+400M方向,小型轿车,101,2024/3/6 8:50
119,大型汽车,黄色,高速K101+400M方向,重型普通货车,66,2024/3/6 8:51
233,大型汽车,黄色,高速K132+50M方向2,重型普通货车,47,2024/3/6 8:51
638,大型汽车,黄色,高速K209+820M方向2,重型普通货车,55,2024/3/6 8:51
640,大型汽车,黄色,高速K164+750M方向2,重型普通货车,58,2024/3/6 8:51
641,大型汽车,黄色,高速K164+750M方向2,重型普通货车,62,2024/3/6 8:51
642,大型汽车,黄色,高速K209+820M方向2,重型普通货车,60,2024/3/6 8:51
644,大型汽车,黄色,高速K209+820M方向2,重型普通货车,62,2024/3/6 8:51
645,大型汽车,黄色,高速K101+400M方向,重型普通货车,74,2024/3/6 8:51
647,大型汽车,黄色,高速K209+820M方向2,重型普通货车,60,2024/3/6 8:51
635,小型汽车,蓝色,高速K132+50M方向1,小型轿车,54,2024/3/6 8:51
636,小型汽车,蓝色,高速K132+50M方向1,小型轿车,52,2024/3/6 8:51
637,小型汽车,蓝色,高速K209+820M方向1,小型轿车,74,2024/3/6 8:51
639,小型汽车,蓝色,高速K132+50M方向2,小型轿车,55,2024/3/6 8:51
643,小型汽车,蓝色,高速K101+400M方向,小型轿车,76,2024/3/6 8:51
646,小型汽车,蓝色,高速K209+820M方向1,小型轿车,76,2024/3/6 8:51
648,小型汽车,蓝色,高速K101+400M方向,小型轿车,104,2024/3/6 8:51
649,小型汽车,蓝色,高速K209+820M方向1,小型轿车,76,2024/3/6 8:51
650,小型汽车,蓝色,高速K101+400M方向,小型轿车,61,2024/3/6 8:51
651,小型新能源汽车,绿色,高速K101+400M方向,小型轿车,104,2024/3/6 8:51
252,大型汽车,黄色,高速K132+50M方向2,重型普通货车,45,2024/3/6 8:52
116,大型汽车,黄色,高速K101+400M方向,重型普通货车,73,2024/3/6 8:52
653,大型汽车,黄色,高速K209+820M方向2,重型普通货车,56,2024/3/6 8:52
194,大型汽车,黄色,高速K132+50M方向2,重型普通货车,29,2024/3/6 8:52
243,大型汽车,黄色,高速K132+50M方向2,重型普通货车,37,2024/3/6 8:52
133,大型汽车,黄色,高速K101+400M方向,重型普通货车,88,2024/3/6 8:52
660,大型汽车,黄色,高速K132+50M方向2,重型普通货车,47,2024/3/6 8:52
662,大型汽车,黄色,高速K209+820M方向2,重型普通货车,56,2024/3/6 8:52
669,大型汽车,黄色,高速K209+820M方向2,重型普通货车,71,2024/3/6 8:52
0,无法识别,其它颜色,高速K209+820M方向2,其它,44,2024/3/6 8:52
652,小型汽车,蓝色,高速K132+50M方向1,小型轿车,74,2024/3/6 8:52
654,小型汽车,蓝色,高速K101+400M方向,小型轿车,117,2024/3/6 8:52
655,小型汽车,蓝色,高速K101+400M方向,小型轿车,93,2024/3/6 8:52
656,小型汽车,蓝色,高速K209+820M方向1,小型轿车,73,2024/3/6 8:52
657,小型汽车,蓝色,高速K132+50M方向1,小型轿车,64,2024/3/6 8:52
658,小型汽车,蓝色,高速K101+400M方向,小型轿车,101,2024/3/6 8:52
248,小型汽车,蓝色,高速K132+50M方向1,小型轿车,61,2024/3/6 8:52
659,小型汽车,蓝色,高速K101+400M方向,小型轿车,107,2024/3/6 8:52
203,小型汽车,蓝色,高速K101+400M方向,小型轿车,93,2024/3/6 8:52
313,小型汽车,蓝色,高速K132+50M方向1,小型轿车,67,2024/3/6 8:52
326,小型汽车,蓝色,高速K132+50M方向1,轻型普通货车,66,2024/3/6 8:52
661,小型汽车,蓝色,高速K101+400M方向,小型轿车,89,2024/3/6 8:52
663,小型汽车,蓝色,高速K101+400M方向,小型轿车,77,2024/3/6 8:52
664,小型汽车,蓝色,高速K101+400M方向,小型轿车,74,2024/3/6 8:52
665,小型汽车,蓝色,高速K101+400M方向,小型轿车,97,2024/3/6 8:52
666,小型汽车,蓝色,高速K101+400M方向,小型轿车,71,2024/3/6 8:52
246,小型汽车,蓝色,高速K132+50M方向2,轻型普通货车,34,2024/3/6 8:52
667,小型汽车,蓝色,高速K101+400M方向,小型轿车,85,2024/3/6 8:52
668,小型汽车,蓝色,高速K101+400M方向,小型轿车,74,2024/3/6 8:52
670,大型汽车,黄色,高速K101+400M方向,重型普通货车,65,2024/3/6 8:53
121,大型汽车,黄色,高速K101+400M方向,重型普通货车,72,2024/3/6 8:53
677,大型汽车,黄色,高速K164+750M方向2,重型普通货车,68,2024/3/6 8:53
65,大型汽车,黄色,高速K101+400M方向,重型普通货车,66,2024/3/6 8:53
678,大型汽车,黄色,高速K132+50M方向1,重型普通货车,56,2024/3/6 8:53
679,大型汽车,黄色,高速K132+50M方向2,重型普通货车,38,2024/3/6 8:53
229,大型汽车,黄色,高速K132+50M方向2,重型普通货车,29,2024/3/6 8:53
682,大型汽车,黄色,高速K132+50M方向1,大型普通客车,56,2024/3/6 8:53
0,无法识别,其它颜色,高速K132+50M方向1,重型普通货车,61,2024/3/6 8:53
0,无法识别,其它颜色,高速K132+50M方向2,其它,30,2024/3/6 8:53
213,小型汽车,蓝色,高速K164+750M方向1,小型轿车,70,2024/3/6 8:53
671,小型汽车,蓝色,高速K101+400M方向,小型轿车,101,2024/3/6 8:53
672,小型汽车,蓝色,高速K209+820M方向1,小型轿车,76,2024/3/6 8:53
673,小型汽车,蓝色,高速K101+400M方向,小型轿车,101,2024/3/6 8:53
674,小型汽车,蓝色,高速K209+820M方向1,小型轿车,98,2024/3/6 8:53
675,小型汽车,蓝色,高速K132+50M方向1,小型轿车,62,2024/3/6 8:53
676,小型汽车,蓝色,高速K101+400M方向,小型轿车,109,2024/3/6 8:53
170,小型汽车,蓝色,高速K164+750M方向1,小型轿车,68,2024/3/6 8:53
239,小型汽车,蓝色,高速K164+750M方向2,小型轿车,73,2024/3/6 8:53
680,小型汽车,蓝色,高速K101+400M方向,小型轿车,102,2024/3/6 8:53
681,小型汽车,蓝色,高速K101+400M方向,小型轿车,93,2024/3/6 8:53
201,小型新能源汽车,绿色,高速K101+400M方向,小型轿车,106,2024/3/6 8:53
683,小型新能源汽车,绿色,高速K132+50M方向1,小型轿车,45,2024/3/6 8:53
684,大型汽车,黄色,高速K209+820M方向2,重型普通货车,51,2024/3/6 8:54
193,大型汽车,黄色,高速K164+750M方向2,大型普通客车,57,2024/3/6 8:54
687,大型汽车,黄色,高速K164+750M方向2,重型普通货车,58,2024/3/6 8:54
285,大型汽车,黄色,高速K132+50M方向2,重型普通货车,61,2024/3/6 8:54
112,大型汽车,黄色,高速K101+400M方向,重型普通货车,68,2024/3/6 8:54
695,大型汽车,黄色,高速K209+820M方向2,重型普通货车,57,2024/3/6 8:54
341,小型汽车,蓝色,高速K132+50M方向1,小型轿车,79,2024/3/6 8:54
685,小型汽车,蓝色,高速K209+820M方向1,小型轿车,75,2024/3/6 8:54
200,小型汽车,蓝色,高速K164+750M方向2,轻型普通货车,70,2024/3/6 8:54
686,小型汽车,蓝色,高速K101+400M方向,小型轿车,102,2024/3/6 8:54
688,小型汽车,蓝色,高速K132+50M方向1,小型轿车,74,2024/3/6 8:54
689,小型汽车,蓝色,高速K209+820M方向1,小型轿车,50,2024/3/6 8:54
690,小型汽车,蓝色,高速K101+400M方向,轻型普通货车,77,2024/3/6 8:54
691,小型汽车,蓝色,高速K164+750M方向1,小型轿车,80,2024/3/6 8:54
693,小型汽车,蓝色,高速K209+820M方向2,小型轿车,60,2024/3/6 8:54
694,小型汽车,蓝色,高速K101+400M方向,小型轿车,103,2024/3/6 8:54
696,小型汽车,蓝色,高速K209+820M方向1,小型轿车,65,2024/3/6 8:54
697,小型汽车,蓝色,高速K209+820M方向2,小型轿车,62,2024/3/6 8:54
698,小型汽车,蓝色,高速K209+820M方向1,小型轿车,74,2024/3/6 8:54
699,小型汽车,蓝色,高速K101+400M方向,小型轿车,111,2024/3/6 8:54
700,小型汽车,蓝色,高速K132+50M方向1,小型轿车,78,2024/3/6 8:54
692,小型新能源汽车,绿色,高速K209+820M方向2,小型轿车,53,2024/3/6 8:54
188,小型新能源汽车,绿色,高速K101+400M方向,小型轿车,86,2024/3/6 8:54
710,大型汽车,黄色,高速K132+50M方向1,大型普通客车,62,2024/3/6 8:55
712,大型汽车,黄色,高速K101+400M方向,重型普通货车,56,2024/3/6 8:55
713,大型汽车,黄色,高速K209+820M方向2,重型普通货车,47,2024/3/6 8:55
716,大型汽车,黄色,高速K101+400M方向,重型普通货车,70,2024/3/6 8:55
717,大型汽车,黄色,高速K101+400M方向,重型普通货车,86,2024/3/6 8:55
241,大型汽车,黄色,高速K132+50M方向2,重型普通货车,32,2024/3/6 8:55
723,教练汽车,黄色,高速K132+50M方向1,小型轿车,63,2024/3/6 8:55
701,小型汽车,蓝色,高速K101+400M方向,小型轿车,105,2024/3/6 8:55
702,小型汽车,蓝色,高速K132+50M方向1,小型轿车,68,2024/3/6 8:55
703,小型汽车,蓝色,高速K101+400M方向,小型轿车,87,2024/3/6 8:55
704,小型汽车,蓝色,高速K101+400M方向,小型轿车,87,2024/3/6 8:55
705,小型汽车,蓝色,高速K132+50M方向1,小型轿车,80,2024/3/6 8:55
706,小型汽车,蓝色,高速K101+400M方向,轻型普通货车,79,2024/3/6 8:55
708,小型汽车,蓝色,高速K101+400M方向,小型轿车,81,2024/3/6 8:55
198,小型汽车,蓝色,高速K101+400M方向,小型轿车,99,2024/3/6 8:55
709,小型汽车,蓝色,高速K101+400M方向,小型轿车,90,2024/3/6 8:55
357,小型汽车,蓝色,高速K132+50M方向2,小型轿车,78,2024/3/6 8:55
711,小型汽车,蓝色,高速K209+820M方向1,小型轿车,77,2024/3/6 8:55
714,小型汽车,蓝色,高速K101+400M方向,小型轿车,106,2024/3/6 8:55
715,小型汽车,蓝色,高速K132+50M方向1,小型轿车,81,2024/3/6 8:55
718,小型汽车,蓝色,高速K209+820M方向1,小型轿车,61,2024/3/6 8:55
719,小型汽车,蓝色,高速K209+820M方向2,小型轿车,53,2024/3/6 8:55
209,小型汽车,蓝色,高速K101+400M方向,小型轿车,88,2024/3/6 8:55
160,小型汽车,蓝色,高速K101+400M方向,轻型普通货车,83,2024/3/6 8:55
720,小型汽车,蓝色,高速K101+400M方向,小型轿车,112,2024/3/6 8:55
721,小型汽车,蓝色,高速K132+50M方向1,小型轿车,68,2024/3/6 8:55
722,小型汽车,蓝色,高速K101+400M方向,小型轿车,90,2024/3/6 8:55
177,小型汽车,蓝色,高速K101+400M方向,小型轿车,107,2024/3/6 8:55
707,小型新能源汽车,绿色,高速K132+50M方向1,小型轿车,74,2024/3/6 8:55
104,小型新能源汽车,绿色,高速K101+400M方向,轻型普通货车,62,2024/3/6 8:55
263,大型汽车,黄色,高速K132+50M方向2,重型普通货车,36,2024/3/6 8:56
307,大型汽车,黄色,高速K132+50M方向2,重型普通货车,50,2024/3/6 8:56
727,大型汽车,黄色,高速K164+750M方向2,重型普通货车,54,2024/3/6 8:56
728,大型汽车,黄色,高速K209+820M方向2,重型普通货车,57,2024/3/6 8:56
732,大型汽车,黄色,高速K209+820M方向2,重型普通货车,65,2024/3/6 8:56
735,大型汽车,黄色,高速K132+50M方向2,重型普通货车,41,2024/3/6 8:56
0,无法识别,其它颜色,高速K209+820M方向2,其它,40,2024/3/6 8:56
0,无法识别,其它颜色,高速K132+50M方向2,其它,36,2024/3/6 8:56
0,无法识别,其它颜色,高速K132+50M方向2,其它,41,2024/3/6 8:56
724,小型汽车,蓝色,高速K209+820M方向2,小型轿车,42,2024/3/6 8:56
725,小型汽车,蓝色,高速K132+50M方向2,小型轿车,55,2024/3/6 8:56
726,小型汽车,蓝色,高速K209+820M方向1,小型轿车,72,2024/3/6 8:56
228,小型汽车,蓝色,高速K101+400M方向,小型轿车,89,2024/3/6 8:56
729,小型汽车,蓝色,高速K101+400M方向,小型轿车,85,2024/3/6 8:56
730,小型汽车,蓝色,高速K101+400M方向,小型轿车,98,2024/3/6 8:56
731,小型汽车,蓝色,高速K132+50M方向1,小型轿车,71,2024/3/6 8:56
733,小型汽车,蓝色,高速K132+50M方向1,小型轿车,63,2024/3/6 8:56
736,小型汽车,蓝色,高速K132+50M方向1,小型轿车,78,2024/3/6 8:56
737,小型汽车,蓝色,高速K101+400M方向,小型轿车,103,2024/3/6 8:56
230,小型汽车,蓝色,高速K101+400M方向,小型轿车,111,2024/3/6 8:56
738,小型汽车,蓝色,高速K132+50M方向1,小型轿车,70,2024/3/6 8:56
739,小型汽车,蓝色,高速K132+50M方向1,小型轿车,70,2024/3/6 8:56
740,小型汽车,蓝色,高速K101+400M方向,小型轿车,128,2024/3/6 8:56
741,小型汽车,蓝色,高速K101+400M方向,小型轿车,97,2024/3/6 8:56
742,小型汽车,蓝色,高速K132+50M方向1,小型轿车,76,2024/3/6 8:56
743,小型汽车,蓝色,高速K209+820M方向1,小型轿车,91,2024/3/6 8:56
734,小型新能源汽车,绿色,高速K101+400M方向,小型轿车,111,2024/3/6 8:56
745,大型汽车,黄色,高速K132+50M方向2,重型普通货车,56,2024/3/6 8:57
274,大型汽车,黄色,高速K132+50M方向2,重型普通货车,39,2024/3/6 8:57
748,大型汽车,黄色,高速K209+820M方向2,重型普通货车,54,2024/3/6 8:57
749,大型汽车,黄色,高速K132+50M方向2,重型普通货车,46,2024/3/6 8:57
750,大型汽车,黄色,高速K209+820M方向2,重型普通货车,56,2024/3/6 8:57
752,大型汽车,黄色,高速K164+750M方向2,重型普通货车,58,2024/3/6 8:57
753,大型汽车,黄色,高速K209+820M方向2,重型普通货车,62,2024/3/6 8:57
756,大型汽车,黄色,高速K101+400M方向,重型普通货车,89,2024/3/6 8:57
311,大型汽车,黄色,高速K132+50M方向1,大型普通客车,58,2024/3/6 8:57
762,大型汽车,黄色,高速K209+820M方向2,中型普通客车,3,2024/3/6 8:57
0,无法识别,其它颜色,高速K132+50M方向2,其它,45,2024/3/6 8:57
0,无法识别,其它颜色,高速K209+820M方向2,其它,55,2024/3/6 8:57
0,无法识别,其它颜色,高速K209+820M方向2,其它,62,2024/3/6 8:57
744,小型汽车,蓝色,高速K132+50M方向1,小型轿车,69,2024/3/6 8:57
746,小型汽车,蓝色,高速K209+820M方向2,小型轿车,64,2024/3/6 8:57
185,小型汽车,蓝色,高速K101+400M方向,小型轿车,121,2024/3/6 8:57
751,小型汽车,蓝色,高速K132+50M方向1,小型轿车,73,2024/3/6 8:57
754,小型汽车,蓝色,高速K101+400M方向,小型轿车,103,2024/3/6 8:57
755,小型汽车,蓝色,高速K209+820M方向1,小型轿车,72,2024/3/6 8:57
165,小型汽车,蓝色,高速K132+50M方向1,小型轿车,77,2024/3/6 8:57
757,小型汽车,蓝色,高速K209+820M方向2,小型轿车,65,2024/3/6 8:57
758,小型汽车,蓝色,高速K101+400M方向,微型普通货车,86,2024/3/6 8:57
759,小型汽车,蓝色,高速K209+820M方向1,小型轿车,82,2024/3/6 8:57
760,小型汽车,蓝色,高速K209+820M方向1,小型轿车,65,2024/3/6 8:57
85,小型汽车,蓝色,高速K101+400M方向,小型轿车,91,2024/3/6 8:57
761,小型汽车,蓝色,高速K209+820M方向1,小型轿车,69,2024/3/6 8:57
747,小型新能源汽车,绿色,高速K209+820M方向2,小型轿车,78,2024/3/6 8:57
763,大型汽车,黄色,高速K209+820M方向2,重型普通货车,63,2024/3/6 8:58
767,大型汽车,黄色,高速K164+750M方向2,重型普通货车,57,2024/3/6 8:58
768,大型汽车,黄色,高速K132+50M方向2,重型普通货车,67,2024/3/6 8:58
773,大型汽车,黄色,高速K209+820M方向2,重型普通货车,61,2024/3/6 8:58
306,大型汽车,黄色,高速K132+50M方向2,重型普通货车,48,2024/3/6 8:58
320,大型汽车,黄色,高速K132+50M方向2,重型普通货车,52,2024/3/6 8:58
129,大型汽车,黄色,高速K101+400M方向,重型普通货车,64,2024/3/6 8:58
781,大型汽车,黄色,高速K132+50M方向2,重型普通货车,23,2024/3/6 8:58
782,大型汽车,黄色,高速K209+820M方向2,重型普通货车,55,2024/3/6 8:58
784,大型汽车,黄色,高速K132+50M方向2,重型普通货车,53,2024/3/6 8:58
0,无法识别,其它颜色,高速K209+820M方向2,其它,62,2024/3/6 8:58
0,无法识别,其它颜色,高速K164+750M方向1,其它,41,2024/3/6 8:58
0,无法识别,其它颜色,高速K132+50M方向2,其它,67,2024/3/6 8:58
0,无法识别,其它颜色,高速K164+750M方向2,中型普通客车,70,2024/3/6 8:58
0,无法识别,其它颜色,高速K132+50M方向2,其它,23,2024/3/6 8:58
0,无法识别,其它颜色,高速K132+50M方向2,其它,23,2024/3/6 8:58
765,小型汽车,蓝色,高速K209+820M方向1,小型轿车,76,2024/3/6 8:58
766,小型汽车,蓝色,高速K132+50M方向1,小型轿车,78,2024/3/6 8:58
770,小型汽车,蓝色,高速K101+400M方向,小型轿车,116,2024/3/6 8:58
337,小型汽车,蓝色,高速K132+50M方向1,小型轿车,63,2024/3/6 8:58
771,小型汽车,蓝色,高速K132+50M方向1,小型轿车,59,2024/3/6 8:58
774,小型汽车,蓝色,高速K132+50M方向1,小型轿车,74,2024/3/6 8:58
775,小型汽车,蓝色,高速K132+50M方向1,小型轿车,60,2024/3/6 8:58
776,小型汽车,蓝色,高速K132+50M方向2,小型轿车,42,2024/3/6 8:58
777,小型汽车,蓝色,高速K101+400M方向,小型轿车,101,2024/3/6 8:58
778,小型汽车,蓝色,高速K132+50M方向1,小型轿车,62,2024/3/6 8:58
779,小型汽车,蓝色,高速K209+820M方向2,小型轿车,79,2024/3/6 8:58
282,小型汽车,蓝色,高速K132+50M方向1,小型轿车,67,2024/3/6 8:58
278,小型汽车,蓝色,高速K164+750M方向1,小型轿车,78,2024/3/6 8:58
780,小型汽车,蓝色,高速K101+400M方向,小型轿车,95,2024/3/6 8:58
783,小型汽车,蓝色,高速K101+400M方向,轻型普通货车,78,2024/3/6 8:58
764,小型新能源汽车,绿色,高速K164+750M方向2,小型轿车,41,2024/3/6 8:58
769,小型新能源汽车,绿色,高速K101+400M方向,小型轿车,98,2024/3/6 8:58
772,小型新能源汽车,绿色,高速K132+50M方向1,小型轿车,57,2024/3/6 8:58
788,大型汽车,黄色,高速K209+820M方向2,重型普通货车,58,2024/3/6 8:59
114,大型汽车,黄色,高速K101+400M方向,重型普通货车,77,2024/3/6 8:59
280,大型汽车,黄色,高速K132+50M方向2,重型普通货车,36,2024/3/6 8:59
128,大型汽车,黄色,高速K101+400M方向,重型普通货车,68,2024/3/6 8:59
797,大型汽车,黄色,高速K132+50M方向2,重型普通货车,45,2024/3/6 8:59
803,大型汽车,黄色,高速K132+50M方向2,重型普通货车,35,2024/3/6 8:59
805,大型汽车,黄色,高速K164+750M方向2,重型普通货车,60,2024/3/6 8:59
57,大型汽车,黄色,高速K101+400M方向,重型普通货车,74,2024/3/6 8:59
807,大型汽车,黄色,高速K101+400M方向,重型普通货车,77,2024/3/6 8:59
0,无法识别,其它颜色,高速K132+50M方向2,其它,52,2024/3/6 8:59
0,无法识别,其它颜色,高速K132+50M方向2,其它,49,2024/3/6 8:59
0,无法识别,其它颜色,高速K164+750M方向1,其它,55,2024/3/6 8:59
0,无法识别,其它颜色,高速K164+750M方向2,其它,54,2024/3/6 8:59
785,小型汽车,蓝色,高速K101+400M方向,小型轿车,106,2024/3/6 8:59
786,小型汽车,蓝色,高速K209+820M方向1,小型轿车,62,2024/3/6 8:59
787,小型汽车,蓝色,高速K101+400M方向,小型轿车,103,2024/3/6 8:59
789,小型汽车,蓝色,高速K132+50M方向2,小型轿车,48,2024/3/6 8:59
790,小型汽车,蓝色,高速K132+50M方向1,小型轿车,56,2024/3/6 8:59
148,小型汽车,蓝色,高速K101+400M方向,小型轿车,86,2024/3/6 8:59
792,小型汽车,蓝色,高速K132+50M方向1,小型轿车,62,2024/3/6 8:59
793,小型汽车,蓝色,高速K209+820M方向2,小型轿车,81,2024/3/6 8:59
795,小型汽车,蓝色,高速K209+820M方向2,小型轿车,69,2024/3/6 8:59
796,小型汽车,蓝色,高速K132+50M方向1,小型轿车,65,2024/3/6 8:59
798,小型汽车,蓝色,高速K101+400M方向,轻型普通货车,89,2024/3/6 8:59
799,小型汽车,蓝色,高速K209+820M方向2,小型轿车,82,2024/3/6 8:59
800,小型汽车,蓝色,高速K132+50M方向1,小型轿车,56,2024/3/6 8:59
801,小型汽车,蓝色,高速K209+820M方向1,轻型普通货车,98,2024/3/6 8:59
256,小型汽车,蓝色,高速K101+400M方向,小型轿车,96,2024/3/6 8:59
245,小型汽车,蓝色,高速K101+400M方向,小型轿车,91,2024/3/6 8:59
264,小型汽车,蓝色,高速K101+400M方向,小型轿车,93,2024/3/6 8:59
802,小型汽车,蓝色,高速K101+400M方向,小型轿车,94,2024/3/6 8:59
804,小型汽车,蓝色,高速K101+400M方向,小型轿车,93,2024/3/6 8:59
806,小型汽车,蓝色,高速K209+820M方向2,小型轿车,76,2024/3/6 8:59
465,小型汽车,蓝色,高速K101+400M方向,小型轿车,104,2024/3/6 8:59
808,小型汽车,蓝色,高速K101+400M方向,小型轿车,81,2024/3/6 8:59
791,小型新能源汽车,绿色,高速K101+400M方向,小型轿车,87,2024/3/6 8:59
794,小型新能源汽车,绿色,高速K209+820M方向2,小型轿车,80,2024/3/6 8:59
288,大型汽车,黄色,高速K132+50M方向2,重型普通货车,34,2024/3/6 9:00
811,大型汽车,黄色,高速K209+820M方向2,重型普通货车,64,2024/3/6 9:00
164,大型汽车,黄色,高速K101+400M方向,重型普通货车,70,2024/3/6 9:00
815,大型汽车,黄色,高速K209+820M方向2,重型普通货车,69,2024/3/6 9:00
237,大型汽车,黄色,高速K132+50M方向2,重型普通货车,31,2024/3/6 9:00
152,大型汽车,黄色,高速K164+750M方向2,重型普通货车,59,2024/3/6 9:00
810,小型汽车,蓝色,高速K132+50M方向2,小型轿车,67,2024/3/6 9:00
217,小型汽车,蓝色,高速K164+750M方向2,小型轿车,88,2024/3/6 9:00
354,小型汽车,蓝色,高速K132+50M方向1,小型轿车,59,2024/3/6 9:00
413,小型汽车,蓝色,高速K101+400M方向,小型轿车,107,2024/3/6 9:00
812,小型汽车,蓝色,高速K209+820M方向2,小型轿车,63,2024/3/6 9:00
813,小型汽车,蓝色,高速K101+400M方向,小型轿车,83,2024/3/6 9:00
816,小型汽车,蓝色,高速K132+50M方向2,小型轿车,71,2024/3/6 9:00
161,小型汽车,蓝色,高速K132+50M方向1,小型轿车,56,2024/3/6 9:00
817,小型汽车,蓝色,高速K164+750M方向1,小型轿车,70,2024/3/6 9:00
818,小型汽车,蓝色,高速K101+400M方向,小型轿车,110,2024/3/6 9:00
809,小型新能源汽车,绿色,高速K101+400M方向,小型轿车,87,2024/3/6 9:00
482,小型新能源汽车,绿色,高速K101+400M方向,小型轿车,108,2024/3/6 9:00
814,小型新能源汽车,绿色,高速K132+50M方向1,小型轿车,73,2024/3/6 9:00
338,大型汽车,黄色,高速K132+50M方向2,重型普通货车,45,2024/3/6 9:01
824,大型汽车,黄色,高速K209+820M方向2,重型普通货车,56,2024/3/6 9:01
825,大型汽车,黄色,高速K164+750M方向2,重型普通货车,45,2024/3/6 9:01
122,大型汽车,黄色,高速K132+50M方向2,重型普通货车,34,2024/3/6 9:01
0,无法识别,其它颜色,高速K132+50M方向2,其它,36,2024/3/6 9:01
820,小型汽车,蓝色,高速K101+400M方向,小型轿车,96,2024/3/6 9:01
821,小型汽车,蓝色,高速K132+50M方向1,小型轿车,63,2024/3/6 9:01
822,小型汽车,蓝色,高速K132+50M方向1,小型轿车,57,2024/3/6 9:01
823,小型汽车,蓝色,高速K209+820M方向1,小型轿车,83,2024/3/6 9:01
197,小型汽车,蓝色,高速K164+750M方向1,小型轿车,78,2024/3/6 9:01
316,小型汽车,蓝色,高速K164+750M方向1,小型轿车,79,2024/3/6 9:01
827,小型汽车,蓝色,高速K209+820M方向1,小型轿车,85,2024/3/6 9:01
828,小型汽车,蓝色,高速K132+50M方向1,小型轿车,61,2024/3/6 9:01
829,小型汽车,蓝色,高速K164+750M方向2,小型轿车,72,2024/3/6 9:01
499,小型汽车,蓝色,高速K101+400M方向,小型轿车,86,2024/3/6 9:01
500,小型汽车,蓝色,高速K101+400M方向,小型轿车,111,2024/3/6 9:01
443,小型汽车,蓝色,高速K132+50M方向1,小型轿车,74,2024/3/6 9:01
830,小型汽车,蓝色,高速K101+400M方向,小型轿车,104,2024/3/6 9:01
832,小型汽车,蓝色,高速K101+400M方向,轻型普通货车,59,2024/3/6 9:01
834,小型汽车,蓝色,高速K132+50M方向1,小型轿车,54,2024/3/6 9:01
819,小型新能源汽车,绿色,高速K209+820M方向1,小型轿车,69,2024/3/6 9:01
437,小型新能源汽车,绿色,高速K101+400M方向,小型轿车,83,2024/3/6 9:01
826,小型新能源汽车,绿色,高速K132+50M方向2,小型轿车,63,2024/3/6 9:01
831,小型新能源汽车,绿色,高速K101+400M方向,轻型普通货车,56,2024/3/6 9:01
833,小型新能源汽车,绿色,高速K101+400M方向,小型轿车,62,2024/3/6 9:01
837,大型汽车,黄色,高速K209+820M方向2,重型普通货车,64,2024/3/6 9:02
236,大型汽车,黄色,高速K132+50M方向2,重型普通货车,29,2024/3/6 9:02
846,大型汽车,黄色,高速K101+400M方向,重型普通货车,62,2024/3/6 9:02
310,大型汽车,黄色,高速K132+50M方向2,重型普通货车,40,2024/3/6 9:02
848,大型汽车,黄色,高速K209+820M方向2,重型普通货车,61,2024/3/6 9:02
851,大型汽车,黄色,高速K209+820M方向2,重型普通货车,65,2024/3/6 9:02
221,大型汽车,黄色,高速K164+750M方向2,重型普通货车,60,2024/3/6 9:02
438,大型汽车,黄色,高速K101+400M方向,大型普通客车,82,2024/3/6 9:02
845,警用汽车,白色,高速K132+50M方向1,小型轿车,62,2024/3/6 9:02
0,无法识别,其它颜色,高速K132+50M方向1,小型轿车,70,2024/3/6 9:02
835,小型汽车,蓝色,高速K101+400M方向,小型轿车,99,2024/3/6 9:02
424,小型汽车,蓝色,高速K132+50M方向1,小型轿车,72,2024/3/6 9:02
308,小型汽车,蓝色,高速K132+50M方向2,小型轿车,49,2024/3/6 9:02
838,小型汽车,蓝色,高速K132+50M方向1,小型轿车,73,2024/3/6 9:02
839,小型汽车,蓝色,高速K101+400M方向,轻型普通货车,82,2024/3/6 9:02
840,小型汽车,蓝色,高速K132+50M方向2,小型轿车,63,2024/3/6 9:02
315,小型汽车,蓝色,高速K164+750M方向2,小型轿车,77,2024/3/6 9:02
842,小型汽车,蓝色,高速K209+820M方向1,小型轿车,77,2024/3/6 9:02
843,小型汽车,蓝色,高速K132+50M方向1,小型轿车,71,2024/3/6 9:02
847,小型汽车,蓝色,高速K132+50M方向1,小型轿车,67,2024/3/6 9:02
849,小型汽车,蓝色,高速K132+50M方向1,小型轿车,69,2024/3/6 9:02
139,小型汽车,蓝色,高速K132+50M方向2,小型轿车,64,2024/3/6 9:02
850,小型汽车,蓝色,高速K132+50M方向1,小型轿车,71,2024/3/6 9:02
852,小型汽车,蓝色,高速K209+820M方向1,小型轿车,80,2024/3/6 9:02
319,小型汽车,蓝色,高速K164+750M方向1,小型轿车,80,2024/3/6 9:02
496,小型汽车,蓝色,高速K101+400M方向,小型轿车,116,2024/3/6 9:02
853,小型汽车,蓝色,高速K132+50M方向2,小型轿车,67,2024/3/6 9:02
854,小型汽车,蓝色,高速K132+50M方向1,小型轿车,70,2024/3/6 9:02
836,小型新能源汽车,绿色,高速K132+50M方向1,小型轿车,71,2024/3/6 9:02
841,小型新能源汽车,绿色,高速K132+50M方向1,小型轿车,69,2024/3/6 9:02
844,小型新能源汽车,绿色,高速K132+50M方向1,小型轿车,63,2024/3/6 9:02
107,大型汽车,黄色,高速K101+400M方向,重型普通货车,67,2024/3/6 9:03
303,大型汽车,黄色,高速K132+50M方向2,重型普通货车,31,2024/3/6 9:03
328,大型汽车,黄色,高速K132+50M方向2,重型普通货车,27,2024/3/6 9:03
858,大型汽车,黄色,高速K209+820M方向2,重型普通货车,71,2024/3/6 9:03
0,无法识别,其它颜色,高速K132+50M方向2,其它,32,2024/3/6 9:03
292,小型汽车,蓝色,高速K164+750M方向2,轻型普通货车,77,2024/3/6 9:03
855,小型汽车,蓝色,高速K132+50M方向2,小型轿车,58,2024/3/6 9:03
167,小型汽车,蓝色,高速K101+400M方向,小型轿车,112,2024/3/6 9:03
856,小型汽车,蓝色,高速K101+400M方向,小型轿车,101,2024/3/6 9:03
518,小型汽车,蓝色,高速K101+400M方向,小型轿车,121,2024/3/6 9:03
859,小型汽车,蓝色,高速K209+820M方向1,小型轿车,66,2024/3/6 9:03
240,小型汽车,蓝色,高速K164+750M方向2,轻型普通货车,62,2024/3/6 9:03
860,小型汽车,蓝色,高速K209+820M方向1,小型轿车,85,2024/3/6 9:03
861,小型汽车,蓝色,高速K209+820M方向1,小型轿车,67,2024/3/6 9:03
521,小型新能源汽车,绿色,高速K101+400M方向,小型轿车,108,2024/3/6 9:03
857,小型新能源汽车,绿色,高速K209+820M方向2,小型轿车,76,2024/3/6 9:03
868,大型汽车,黄色,高速K209+820M方向2,重型普通货车,60,2024/3/6 9:04
454,大型汽车,黄色,高速K101+400M方向,重型普通货车,83,2024/3/6 9:04
870,大型汽车,黄色,高速K132+50M方向2,重型普通货车,31,2024/3/6 9:04
872,大型汽车,黄色,高速K132+50M方向1,重型普通货车,43,2024/3/6 9:04
875,大型汽车,黄色,高速K209+820M方向2,重型普通货车,59,2024/3/6 9:04
876,大型汽车,黄色,高速K209+820M方向2,重型普通货车,60,2024/3/6 9:04
877,大型汽车,黄色,高速K101+400M方向,重型普通货车,75,2024/3/6 9:04
878,大型汽车,黄色,高速K209+820M方向2,重型普通货车,56,2024/3/6 9:04
0,无法识别,其它颜色,高速K132+50M方向2,其它,23,2024/3/6 9:04
0,无法识别,其它颜色,高速K132+50M方向2,其它,24,2024/3/6 9:04
0,无法识别,其它颜色,高速K132+50M方向1,其它,24,2024/3/6 9:04
516,小型汽车,蓝色,高速K101+400M方向,小型轿车,97,2024/3/6 9:04
863,小型汽车,蓝色,高速K132+50M方向1,小型轿车,71,2024/3/6 9:04
864,小型汽车,蓝色,高速K101+400M方向,小型轿车,102,2024/3/6 9:04
865,小型汽车,蓝色,高速K132+50M方向1,小型轿车,72,2024/3/6 9:04
866,小型汽车,蓝色,高速K209+820M方向2,小型轿车,40,2024/3/6 9:04
867,小型汽车,蓝色,高速K164+750M方向2,小型轿车,52,2024/3/6 9:04
555,小型汽车,蓝色,高速K101+400M方向,小型轿车,111,2024/3/6 9:04
462,小型汽车,蓝色,高速K132+50M方向1,小型轿车,65,2024/3/6 9:04
869,小型汽车,蓝色,高速K132+50M方向1,小型轿车,67,2024/3/6 9:04
270,小型汽车,蓝色,高速K101+400M方向,小型轿车,111,2024/3/6 9:04
871,小型汽车,蓝色,高速K132+50M方向1,小型轿车,52,2024/3/6 9:04
873,小型汽车,蓝色,高速K209+820M方向2,小型轿车,76,2024/3/6 9:04
874,小型汽车,蓝色,高速K132+50M方向1,小型轿车,45,2024/3/6 9:04
510,小型汽车,蓝色,高速K101+400M方向,小型轿车,99,2024/3/6 9:04
370,小型汽车,蓝色,高速K132+50M方向1,轻型普通货车,46,2024/3/6 9:04
862,小型新能源汽车,绿色,高速K101+400M方向,小型轿车,90,2024/3/6 9:04
530,小型新能源汽车,绿色,高速K101+400M方向,小型轿车,103,2024/3/6 9:04
176,大型汽车,黄色,高速K101+400M方向,重型普通货车,76,2024/3/6 9:05
169,大型汽车,黄色,高速K164+750M方向2,重型普通货车,54,2024/3/6 9:05
885,大型汽车,黄色,高速K209+820M方向2,重型普通货车,52,2024/3/6 9:05
887,大型汽车,黄色,高速K209+820M方向2,重型普通货车,56,2024/3/6 9:05
389,大型汽车,黄色,高速K132+50M方向1,大型普通客车,56,2024/3/6 9:05
890,大型汽车,黄色,高速K101+400M方向,重型普通货车,73,2024/3/6 9:05
891,大型汽车,黄色,高速K132+50M方向2,重型普通货车,54,2024/3/6 9:05
345,大型汽车,黄色,高速K132+50M方向2,重型普通货车,34,2024/3/6 9:05
544,警用汽车,白色,高速K101+400M方向,小型轿车,84,2024/3/6 9:05
515,小型汽车,蓝色,高速K101+400M方向,小型轿车,89,2024/3/6 9:05
144,小型汽车,蓝色,高速K132+50M方向1,小型轿车,82,2024/3/6 9:05
879,小型汽车,蓝色,高速K209+820M方向2,小型轿车,68,2024/3/6 9:05
225,小型汽车,蓝色,高速K132+50M方向2,小型轿车,78,2024/3/6 9:05
880,小型汽车,蓝色,高速K132+50M方向1,小型轿车,66,2024/3/6 9:05
881,小型汽车,蓝色,高速K101+400M方向,小型轿车,101,2024/3/6 9:05
882,小型汽车,蓝色,高速K132+50M方向1,小型轿车,67,2024/3/6 9:05
883,小型汽车,蓝色,高速K101+400M方向,小型轿车,105,2024/3/6 9:05
884,小型汽车,蓝色,高速K132+50M方向1,小型轿车,89,2024/3/6 9:05
886,小型汽车,蓝色,高速K209+820M方向1,小型轿车,60,2024/3/6 9:05
888,小型汽车,蓝色,高速K101+400M方向,小型轿车,90,2024/3/6 9:05
889,小型汽车,蓝色,高速K101+400M方向,小型轿车,91,2024/3/6 9:05
576,小型汽车,蓝色,高速K101+400M方向,小型轿车,80,2024/3/6 9:05
892,小型汽车,蓝色,高速K132+50M方向1,小型轿车,65,2024/3/6 9:05
173,小型汽车,蓝色,高速K132+50M方向1,小型轿车,65,2024/3/6 9:05
893,小型汽车,蓝色,高速K209+820M方向1,小型轿车,76,2024/3/6 9:05
894,小型汽车,蓝色,高速K209+820M方向2,小型轿车,67,2024/3/6 9:05
895,小型汽车,蓝色,高速K101+400M方向,小型轿车,101,2024/3/6 9:05
896,大型汽车,黄色,高速K101+400M方向,重型普通货车,72,2024/3/6 9:06
897,大型汽车,黄色,高速K132+50M方向2,重型普通货车,52,2024/3/6 9:06
898,大型汽车,黄色,高速K164+750M方向2,重型普通货车,52,2024/3/6 9:06
132,大型汽车,黄色,高速K101+400M方向,重型普通货车,64,2024/3/6 9:06
509,大型汽车,黄色,高速K101+400M方向,重型普通货车,69,2024/3/6 9:06
411,大型汽车,黄色,高速K101+400M方向,重型普通货车,74,2024/3/6 9:06
902,大型汽车,黄色,高速K209+820M方向2,重型普通货车,60,2024/3/6 9:06
903,大型汽车,黄色,高速K209+820M方向2,重型普通货车,63,2024/3/6 9:06
431,大型汽车,黄色,高速K101+400M方向,重型普通货车,80,2024/3/6 9:06
418,大型汽车,黄色,高速K101+400M方向,重型普通货车,75,2024/3/6 9:06
332,大型汽车,黄色,高速K132+50M方向2,重型普通货车,34,2024/3/6 9:06
908,大型汽车,黄色,高速K132+50M方向2,重型普通货车,35,2024/3/6 9:06
911,大型汽车,黄色,高速K101+400M方向,重型普通货车,80,2024/3/6 9:06
331,大型汽车,黄色,高速K132+50M方向2,重型普通货车,33,2024/3/6 9:06
0,无法识别,其它颜色,高速K132+50M方向2,其它,52,2024/3/6 9:06
0,无法识别,其它颜色,高速K132+50M方向2,其它,52,2024/3/6 9:06
297,小型汽车,蓝色,高速K164+750M方向2,轻型普通货车,72,2024/3/6 9:06
899,小型汽车,蓝色,高速K209+820M方向2,轻型普通货车,70,2024/3/6 9:06
333,小型汽车,蓝色,高速K164+750M方向1,小型轿车,75,2024/3/6 9:06
900,小型汽车,蓝色,高速K132+50M方向1,小型轿车,72,2024/3/6 9:06
901,小型汽车,蓝色,高速K101+400M方向,小型轿车,106,2024/3/6 9:06
904,小型汽车,蓝色,高速K101+400M方向,小型轿车,77,2024/3/6 9:06
906,小型汽车,蓝色,高速K132+50M方向1,小型轿车,58,2024/3/6 9:06
359,小型汽车,蓝色,高速K164+750M方向2,小型轿车,85,2024/3/6 9:06
207,小型汽车,蓝色,高速K132+50M方向1,小型轿车,67,2024/3/6 9:06
907,小型汽车,蓝色,高速K101+400M方向,微型普通货车,105,2024/3/6 9:06
909,小型汽车,蓝色,高速K101+400M方向,小型轿车,92,2024/3/6 9:06
910,小型汽车,蓝色,高速K209+820M方向2,小型轿车,67,2024/3/6 9:06
912,小型汽车,蓝色,高速K132+50M方向1,小型轿车,58,2024/3/6 9:06
913,小型汽车,蓝色,高速K132+50M方向1,小型轿车,62,2024/3/6 9:06
914,小型汽车,蓝色,高速K209+820M方向1,小型轿车,96,2024/3/6 9:06
905,小型新能源汽车,绿色,高速K209+820M方向1,小型轿车,74,2024/3/6 9:06
375,小型新能源汽车,绿色,高速K164+750M方向1,小型轿车,86,2024/3/6 9:06
340,大型汽车,黄色,高速K132+50M方向2,中型普通客车,32,2024/3/6 9:07
917,大型汽车,黄色,高速K209+820M方向2,重型普通货车,60,2024/3/6 9:07
138,大型汽车,黄色,高速K101+400M方向,重型普通货车,77,2024/3/6 9:07
920,大型汽车,黄色,高速K209+820M方向2,重型普通货车,61,2024/3/6 9:07
922,大型汽车,黄色,高速K164+750M方向2,重型普通货车,60,2024/3/6 9:07
924,大型汽车,黄色,高速K132+50M方向2,重型普通货车,34,2024/3/6 9:07
926,大型汽车,黄色,高速K209+820M方向2,重型普通货车,64,2024/3/6 9:07
286,大型汽车,黄色,高速K132+50M方向2,重型普通货车,38,2024/3/6 9:07
933,大型汽车,黄色,高速K164+750M方向2,重型普通货车,62,2024/3/6 9:07
934,大型汽车,黄色,高速K132+50M方向2,重型普通货车,33,2024/3/6 9:07
935,大型汽车,黄色,高速K209+820M方向2,重型普通货车,60,2024/3/6 9:07
210,大型汽车,黄色,高速K164+750M方向2,重型普通货车,59,2024/3/6 9:07
0,无法识别,其它颜色,高速K132+50M方向2,其它,66,2024/3/6 9:07
0,无法识别,其它颜色,高速K132+50M方向2,其它,34,2024/3/6 9:07
0,无法识别,其它颜色,高速K164+750M方向1,其它,62,2024/3/6 9:07
0,无法识别,其它颜色,高速K132+50M方向2,其它,34,2024/3/6 9:07
915,小型汽车,蓝色,高速K132+50M方向1,小型轿车,62,2024/3/6 9:07
916,小型汽车,蓝色,高速K132+50M方向1,小型轿车,67,2024/3/6 9:07
919,小型汽车,蓝色,高速K132+50M方向1,小型轿车,73,2024/3/6 9:07
921,小型汽车,蓝色,高速K132+50M方向2,轻型普通货车,65,2024/3/6 9:07
923,小型汽车,蓝色,高速K101+400M方向,小型轿车,100,2024/3/6 9:07
571,小型汽车,蓝色,高速K101+400M方向,小型轿车,109,2024/3/6 9:07
927,小型汽车,蓝色,高速K209+820M方向1,小型轿车,82,2024/3/6 9:07
929,小型汽车,蓝色,高速K164+750M方向1,小型轿车,62,2024/3/6 9:07
930,小型汽车,蓝色,高速K132+50M方向1,小型轿车,58,2024/3/6 9:07
931,小型汽车,蓝色,高速K209+820M方向2,小型轿车,94,2024/3/6 9:07
932,小型汽车,蓝色,高速K132+50M方向1,小型轿车,66,2024/3/6 9:07
349,小型汽车,蓝色,高速K164+750M方向1,小型轿车,73,2024/3/6 9:07
590,小型汽车,蓝色,高速K101+400M方向,小型轿车,108,2024/3/6 9:07
353,小型汽车,蓝色,高速K164+750M方向1,小型轿车,72,2024/3/6 9:07
373,小型汽车,蓝色,高速K164+750M方向1,小型轿车,73,2024/3/6 9:07
393,小型汽车,蓝色,高速K132+50M方向1,小型轿车,49,2024/3/6 9:07
918,小型新能源汽车,绿色,高速K209+820M方向2,小型轿车,65,2024/3/6 9:07
925,小型新能源汽车,绿色,高速K101+400M方向,小型轿车,102,2024/3/6 9:07
928,小型新能源汽车,绿色,高速K132+50M方向1,小型轿车,69,2024/3/6 9:07
199,大型汽车,黄色,高速K164+750M方向2,重型普通货车,59,2024/3/6 9:08
939,大型汽车,黄色,高速K132+50M方向2,重型普通货车,53,2024/3/6 9:08
145,大型汽车,黄色,高速K164+750M方向2,重型普通货车,49,2024/3/6 9:08
223,大型汽车,黄色,高速K101+400M方向,重型普通货车,69,2024/3/6 9:08
942,大型汽车,黄色,高速K209+820M方向2,重型普通货车,58,2024/3/6 9:08
577,大型汽车,黄色,高速K101+400M方向,中型普通客车,73,2024/3/6 9:08
453,大型汽车,黄色,高速K101+400M方向,重型普通货车,72,2024/3/6 9:08
951,大型汽车,黄色,高速K209+820M方向2,重型普通货车,50,2024/3/6 9:08
952,大型新能源汽车,黄色,高速K132+50M方向2,重型普通货车,60,2024/3/6 9:08
0,无法识别,其它颜色,高速K209+820M方向2,其它,59,2024/3/6 9:08
0,无法识别,其它颜色,高速K209+820M方向2,其它,58,2024/3/6 9:08
0,无法识别,其它颜色,高速K132+50M方向2,其它,63,2024/3/6 9:08
0,无法识别,其它颜色,高速K132+50M方向2,其它,59,2024/3/6 9:08
936,小型汽车,蓝色,高速K132+50M方向1,小型轿车,67,2024/3/6 9:08
937,小型汽车,蓝色,高速K101+400M方向,小型轿车,101,2024/3/6 9:08
474,小型汽车,蓝色,高速K101+400M方向,轻型普通货车,81,2024/3/6 9:08
612,小型汽车,蓝色,高速K101+400M方向,小型轿车,110,2024/3/6 9:08
940,小型汽车,蓝色,高速K209+820M方向1,小型轿车,76,2024/3/6 9:08
943,小型汽车,蓝色,高速K101+400M方向,小型轿车,96,2024/3/6 9:08
608,小型汽车,蓝色,高速K101+400M方向,小型轿车,89,2024/3/6 9:08
564,小型汽车,蓝色,高速K132+50M方向2,小型轿车,79,2024/3/6 9:08
945,小型汽车,蓝色,高速K101+400M方向,小型轿车,101,2024/3/6 9:08
946,小型汽车,蓝色,高速K101+400M方向,小型轿车,101,2024/3/6 9:08
947,小型汽车,蓝色,高速K132+50M方向2,小型轿车,73,2024/3/6 9:08
159,小型汽车,蓝色,高速K132+50M方向1,小型轿车,71,2024/3/6 9:08
580,小型汽车,蓝色,高速K101+400M方向,小型轿车,96,2024/3/6 9:08
948,小型汽车,蓝色,高速K101+400M方向,小型轿车,73,2024/3/6 9:08
214,小型汽车,蓝色,高速K101+400M方向,轻型普通货车,70,2024/3/6 9:08
949,小型汽车,蓝色,高速K132+50M方向1,小型轿车,69,2024/3/6 9:08
327,小型汽车,蓝色,高速K164+750M方向1,小型轿车,73,2024/3/6 9:08
950,小型汽车,蓝色,高速K101+400M方向,小型轿车,101,2024/3/6 9:08
938,小型新能源汽车,绿色,高速K101+400M方向,小型轿车,86,2024/3/6 9:08
941,小型新能源汽车,绿色,高速K132+50M方向2,小型轿车,49,2024/3/6 9:08
944,小型新能源汽车,绿色,高速K132+50M方向1,小型轿车,75,2024/3/6 9:08
187,大型汽车,黄色,高速K164+750M方向2,重型普通货车,59,2024/3/6 9:09
118,大型汽车,黄色,高速K101+400M方向,重型普通货车,83,2024/3/6 9:09
440,大型汽车,黄色,高速K132+50M方向2,重型普通货车,35,2024/3/6 9:09
97,大型汽车,黄色,高速K101+400M方向,重型普通货车,78,2024/3/6 9:09
960,大型汽车,黄色,高速K209+820M方向2,重型普通货车,59,2024/3/6 9:09
957,大型新能源汽车,黄色,高速K132+50M方向2,重型普通货车,59,2024/3/6 9:09
961,大型新能源汽车,黄色,高速K132+50M方向2,重型普通货车,59,2024/3/6 9:09
0,无法识别,其它颜色,高速K132+50M方向1,其它,58,2024/3/6 9:09
0,无法识别,其它颜色,高速K132+50M方向2,其它,45,2024/3/6 9:09
0,无法识别,其它颜色,高速K132+50M方向2,其它,56,2024/3/6 9:09
0,无法识别,其它颜色,高速K132+50M方向2,其它,60,2024/3/6 9:09
0,无法识别,其它颜色,高速K132+50M方向2,其它,57,2024/3/6 9:09
954,小型汽车,蓝色,高速K209+820M方向1,小型轿车,69,2024/3/6 9:09
618,小型汽车,蓝色,高速K132+50M方向1,小型轿车,78,2024/3/6 9:09
595,小型汽车,蓝色,高速K101+400M方向,小型轿车,106,2024/3/6 9:09
244,小型汽车,蓝色,高速K132+50M方向1,小型轿车,79,2024/3/6 9:09
955,小型汽车,蓝色,高速K101+400M方向,小型轿车,95,2024/3/6 9:09
636,小型汽车,蓝色,高速K101+400M方向,小型轿车,107,2024/3/6 9:09
956,小型汽车,蓝色,高速K101+400M方向,小型轿车,75,2024/3/6 9:09
304,小型汽车,蓝色,高速K101+400M方向,小型轿车,100,2024/3/6 9:09
281,小型汽车,蓝色,高速K101+400M方向,轻型普通货车,101,2024/3/6 9:09
958,小型汽车,蓝色,高速K101+400M方向,小型轿车,84,2024/3/6 9:09
220,小型汽车,蓝色,高速K132+50M方向2,小型轿车,77,2024/3/6 9:09
959,小型汽车,蓝色,高速K101+400M方向,小型轿车,97,2024/3/6 9:09
953,小型新能源汽车,绿色,高速K101+400M方向,小型轿车,105,2024/3/6 9:09
962,大型汽车,黄色,高速K209+820M方向2,重型普通货车,61,2024/3/6 9:10
539,大型汽车,黄色,高速K101+400M方向,重型普通货车,75,2024/3/6 9:10
966,大型汽车,黄色,高速K164+750M方向2,重型普通货车,57,2024/3/6 9:10
967,大型汽车,黄色,高速K209+820M方向2,重型普通货车,46,2024/3/6 9:10
455,大型汽车,黄色,高速K101+400M方向,重型普通货车,60,2024/3/6 9:10
365,大型汽车,黄色,高速K132+50M方向2,重型普通货车,37,2024/3/6 9:10
249,大型汽车,黄色,高速K164+750M方向2,重型普通货车,61,2024/3/6 9:10
977,大型汽车,黄色,高速K132+50M方向1,重型普通货车,59,2024/3/6 9:10
971,大型新能源汽车,黄色,高速K132+50M方向2,重型普通货车,58,2024/3/6 9:10
0,无法识别,其它颜色,高速K132+50M方向2,其它,59,2024/3/6 9:10
963,小型汽车,蓝色,高速K209+820M方向1,小型轿车,75,2024/3/6 9:10
964,小型汽车,蓝色,高速K209+820M方向1,小型轿车,72,2024/3/6 9:10
965,小型汽车,蓝色,高速K209+820M方向2,轻型普通货车,59,2024/3/6 9:10
968,小型汽车,蓝色,高速K101+400M方向,小型轿车,54,2024/3/6 9:10
635,小型汽车,蓝色,高速K101+400M方向,小型轿车,89,2024/3/6 9:10
970,小型汽车,蓝色,高速K101+400M方向,小型轿车,94,2024/3/6 9:10
972,小型汽车,蓝色,高速K164+750M方向1,小型轿车,72,2024/3/6 9:10
380,小型汽车,蓝色,高速K164+750M方向2,小型轿车,82,2024/3/6 9:10
186,小型汽车,蓝色,高速K132+50M方向1,小型轿车,63,2024/3/6 9:10
973,小型汽车,蓝色,高速K101+400M方向,小型轿车,90,2024/3/6 9:10
691,小型汽车,蓝色,高速K132+50M方向1,小型轿车,69,2024/3/6 9:10
352,小型汽车,蓝色,高速K164+750M方向1,小型轿车,71,2024/3/6 9:10
156,小型汽车,蓝色,高速K132+50M方向1,小型轿车,69,2024/3/6 9:10
975,小型汽车,蓝色,高速K132+50M方向1,小型轿车,69,2024/3/6 9:10
657,小型汽车,蓝色,高速K101+400M方向,小型轿车,110,2024/3/6 9:10
382,小型汽车,蓝色,高速K164+750M方向2,小型轿车,76,2024/3/6 9:10
325,小型汽车,蓝色,高速K132+50M方向1,小型轿车,55,2024/3/6 9:10
976,小型汽车,蓝色,高速K101+400M方向,小型轿车,101,2024/3/6 9:10
969,小型新能源汽车,绿色,高速K132+50M方向1,小型轿车,73,2024/3/6 9:10
974,小型新能源汽车,绿色,高速K132+50M方向1,小型轿车,67,2024/3/6 9:10
981,大型汽车,黄色,高速K132+50M方向2,重型普通货车,59,2024/3/6 9:11
983,大型汽车,黄色,高速K209+820M方向2,重型普通货车,55,2024/3/6 9:11
986,大型汽车,黄色,高速K209+820M方向2,重型普通货车,59,2024/3/6 9:11
412,大型汽车,黄色,高速K101+400M方向,重型普通货车,63,2024/3/6 9:11
535,大型汽车,黄色,高速K101+400M方向,重型普通货车,60,2024/3/6 9:11
232,大型汽车,黄色,高速K101+400M方向,重型普通货车,77,2024/3/6 9:11
995,大型汽车,黄色,高速K164+750M方向2,重型普通货车,65,2024/3/6 9:11
0,无法识别,其它颜色,高速K132+50M方向2,其它,57,2024/3/6 9:11
978,小型汽车,蓝色,高速K132+50M方向1,小型轿车,75,2024/3/6 9:11
979,小型汽车,蓝色,高速K132+50M方向2,小型轿车,60,2024/3/6 9:11
425,小型汽车,蓝色,高速K164+750M方向2,小型轿车,90,2024/3/6 9:11
982,小型汽车,蓝色,高速K132+50M方向1,小型轿车,71,2024/3/6 9:11
326,小型汽车,蓝色,高速K101+400M方向,轻型普通货车,105,2024/3/6 9:11
984,小型汽车,蓝色,高速K209+820M方向1,小型轿车,70,2024/3/6 9:11
985,小型汽车,蓝色,高速K101+400M方向,小型轿车,109,2024/3/6 9:11
428,小型汽车,蓝色,高速K164+750M方向2,小型轿车,92,2024/3/6 9:11
341,小型汽车,蓝色,高速K101+400M方向,小型轿车,102,2024/3/6 9:11
988,小型汽车,蓝色,高速K101+400M方向,小型轿车,114,2024/3/6 9:11
634,小型汽车,蓝色,高速K101+400M方向,小型轿车,108,2024/3/6 9:11
989,小型汽车,蓝色,高速K132+50M方向2,小型轿车,83,2024/3/6 9:11
990,小型汽车,蓝色,高速K164+750M方向1,小型轿车,80,2024/3/6 9:11
991,小型汽车,蓝色,高速K132+50M方向1,小型轿车,60,2024/3/6 9:11
992,小型汽车,蓝色,高速K209+820M方向1,小型轿车,76,2024/3/6 9:11
993,小型汽车,蓝色,高速K209+820M方向2,小型轿车,47,2024/3/6 9:11
994,小型汽车,蓝色,高速K101+400M方向,小型轿车,78,2024/3/6 9:11
980,小型新能源汽车,绿色,高速K132+50M方向1,小型轿车,72,2024/3/6 9:11
987,小型新能源汽车,绿色,高速K132+50M方向2,小型轿车,63,2024/3/6 9:11
997,大型汽车,黄色,高速K132+50M方向2,重型普通货车,56,2024/3/6 9:12
999,大型汽车,黄色,高速K209+820M方向2,重型普通货车,53,2024/3/6 9:12
1002,大型汽车,黄色,高速K209+820M方向2,重型普通货车,51,2024/3/6 9:12
1004,大型汽车,黄色,高速K209+820M方向1,重型普通货车,59,2024/3/6 9:12
1006,大型汽车,黄色,高速K164+750M方向2,重型普通货车,49,2024/3/6 9:12
1007,大型汽车,黄色,高速K209+820M方向2,重型普通货车,53,2024/3/6 9:12
1008,大型汽车,黄色,高速K209+820M方向2,重型普通货车,56,2024/3/6 9:12
1011,大型汽车,黄色,高速K209+820M方向2,重型普通货车,55,2024/3/6 9:12
212,大型汽车,黄色,高速K101+400M方向,重型普通货车,80,2024/3/6 9:12
266,大型汽车,黄色,高速K164+750M方向2,大型普通客车,54,2024/3/6 9:12
533,大型汽车,黄色,高速K132+50M方向2,重型普通货车,51,2024/3/6 9:12
1015,大型汽车,黄色,高速K209+820M方向2,重型普通货车,55,2024/3/6 9:12
1017,大型汽车,黄色,高速K209+820M方向2,重型普通货车,69,2024/3/6 9:12
1018,大型新能源汽车,黄色,高速K101+400M方向,大型普通客车,87,2024/3/6 9:12
1005,警用汽车,白色,高速K101+400M方向,小型轿车,91,2024/3/6 9:12
0,无法识别,其它颜色,高速K132+50M方向2,其它,54,2024/3/6 9:12
0,无法识别,其它颜色,高速K164+750M方向2,其它,53,2024/3/6 9:12
0,无法识别,其它颜色,高速K164+750M方向2,其它,53,2024/3/6 9:12
0,无法识别,其它颜色,高速K132+50M方向2,其它,59,2024/3/6 9:12
996,小型汽车,蓝色,高速K101+400M方向,小型轿车,111,2024/3/6 9:12
998,小型汽车,蓝色,高速K132+50M方向1,小型轿车,66,2024/3/6 9:12
171,小型汽车,蓝色,高速K132+50M方向1,小型轿车,64,2024/3/6 9:12
1000,小型汽车,蓝色,高速K132+50M方向1,小型轿车,66,2024/3/6 9:12
1001,小型汽车,蓝色,高速K101+400M方向,小型轿车,99,2024/3/6 9:12
1003,小型汽车,蓝色,高速K132+50M方向1,小型轿车,64,2024/3/6 9:12
463,小型汽车,蓝色,高速K164+750M方向1,小型轿车,76,2024/3/6 9:12
409,小型汽车,蓝色,高速K164+750M方向1,小型轿车,79,2024/3/6 9:12
313,小型汽车,蓝色,高速K101+400M方向,小型轿车,89,2024/3/6 9:12
1009,小型汽车,蓝色,高速K101+400M方向,小型轿车,89,2024/3/6 9:12
456,小型汽车,蓝色,高速K164+750M方向1,小型轿车,96,2024/3/6 9:12
357,小型汽车,蓝色,高速K101+400M方向,小型轿车,100,2024/3/6 9:12
461,小型汽车,蓝色,高速K164+750M方向1,小型轿车,84,2024/3/6 9:12
1012,小型汽车,蓝色,高速K132+50M方向1,小型轿车,64,2024/3/6 9:12
1013,小型汽车,蓝色,高速K101+400M方向,小型轿车,107,2024/3/6 9:12
1014,小型汽车,蓝色,高速K101+400M方向,小型轿车,91,2024/3/6 9:12
1016,小型汽车,蓝色,高速K101+400M方向,小型轿车,97,2024/3/6 9:12
715,小型汽车,蓝色,高速K101+400M方向,小型轿车,96,2024/3/6 9:12
1019,小型汽车,蓝色,高速K209+820M方向2,小型轿车,53,2024/3/6 9:12
702,小型汽车,蓝色,高速K101+400M方向,小型轿车,100,2024/3/6 9:12
1010,小型新能源汽车,绿色,高速K101+400M方向,小型轿车,102,2024/3/6 9:12
1023,大型汽车,黄色,高速K132+50M方向2,重型普通货车,67,2024/3/6 9:13
559,大型汽车,黄色,高速K132+50M方向2,重型普通货车,56,2024/3/6 9:13
1031,大型汽车,黄色,高速K132+50M方向2,重型普通货车,29,2024/3/6 9:13
218,大型汽车,黄色,高速K101+400M方向,重型普通货车,71,2024/3/6 9:13
1033,大型汽车,黄色,高速K209+820M方向2,重型普通货车,52,2024/3/6 9:13
1035,大型汽车,黄色,高速K209+820M方向2,重型普通货车,48,2024/3/6 9:13
136,大型汽车,黄色,高速K101+400M方向,重型普通货车,70,2024/3/6 9:13
483,大型汽车,黄色,高速K132+50M方向2,重型普通货车,32,2024/3/6 9:13
1025,警用汽车,白色,高速K164+750M方向1,小型轿车,75,2024/3/6 9:13
0,无法识别,其它颜色,高速K132+50M方向2,其它,67,2024/3/6 9:13
0,无法识别,其它颜色,高速K132+50M方向2,其它,30,2024/3/6 9:13
0,无法识别,其它颜色,高速K209+820M方向2,其它,53,2024/3/6 9:13
700,小型汽车,蓝色,高速K101+400M方向,小型轿车,115,2024/3/6 9:13
1021,小型汽车,蓝色,高速K132+50M方向1,小型轿车,70,2024/3/6 9:13
705,小型汽车,蓝色,高速K101+400M方向,小型轿车,98,2024/3/6 9:13
1022,小型汽车,蓝色,高速K132+50M方向1,小型轿车,74,2024/3/6 9:13
1024,小型汽车,蓝色,高速K209+820M方向2,小型轿车,61,2024/3/6 9:13
1026,小型汽车,蓝色,高速K209+820M方向2,小型轿车,57,2024/3/6 9:13
1027,小型汽车,蓝色,高速K101+400M方向,小型轿车,101,2024/3/6 9:13
1028,小型汽车,蓝色,高速K101+400M方向,轻型普通货车,76,2024/3/6 9:13
1029,小型汽车,蓝色,高速K209+820M方向1,小型轿车,89,2024/3/6 9:13
1030,小型汽车,蓝色,高速K209+820M方向2,小型轿车,59,2024/3/6 9:13
1032,小型汽车,蓝色,高速K101+400M方向,小型轿车,119,2024/3/6 9:13
742,小型汽车,蓝色,高速K101+400M方向,小型轿车,113,2024/3/6 9:13
421,小型汽车,蓝色,高速K132+50M方向1,小型轿车,48,2024/3/6 9:13
1034,小型汽车,蓝色,高速K209+820M方向2,小型轿车,51,2024/3/6 9:13
581,小型汽车,蓝色,高速K101+400M方向,轻型普通货车,83,2024/3/6 9:13
1036,小型汽车,蓝色,高速K101+400M方向,小型轿车,108,2024/3/6 9:13
371,小型汽车,蓝色,高速K164+750M方向2,小型轿车,76,2024/3/6 9:13
739,小型汽车,蓝色,高速K101+400M方向,小型轿车,115,2024/3/6 9:13
1037,小型汽车,蓝色,高速K101+400M方向,轻型普通货车,66,2024/3/6 9:13
1038,小型汽车,蓝色,高速K132+50M方向1,小型轿车,60,2024/3/6 9:13
1039,小型汽车,蓝色,高速K132+50M方向1,小型轿车,66,2024/3/6 9:13
1020,小型新能源汽车,绿色,高速K101+400M方向,小型轿车,92,2024/3/6 9:13
563,大型汽车,黄色,高速K101+400M方向,重型普通货车,0,2024/3/6 9:14
1041,大型汽车,黄色,高速K132+50M方向2,重型普通货车,56,2024/3/6 9:14
394,大型汽车,黄色,高速K132+50M方向2,重型普通货车,34,2024/3/6 9:14
1044,大型汽车,黄色,高速K132+50M方向1,中型普通客车,72,2024/3/6 9:14
1048,大型汽车,黄色,高速K132+50M方向2,重型普通货车,31,2024/3/6 9:14
262,大型汽车,黄色,高速K164+750M方向2,重型普通货车,66,2024/3/6 9:14
0,无法识别,其它颜色,高速K132+50M方向2,其它,56,2024/3/6 9:14
0,无法识别,其它颜色,高速K132+50M方向2,其它,32,2024/3/6 9:14
317,小型汽车,蓝色,高速K164+750M方向2,小型轿车,65,2024/3/6 9:14
1040,小型汽车,蓝色,高速K209+820M方向2,小型轿车,58,2024/3/6 9:14
1042,小型汽车,蓝色,高速K209+820M方向1,小型轿车,83,2024/3/6 9:14
1043,小型汽车,蓝色,高速K132+50M方向1,小型轿车,54,2024/3/6 9:14
1045,小型汽车,蓝色,高速K101+400M方向,小型轿车,89,2024/3/6 9:14
1046,小型汽车,蓝色,高速K101+400M方向,小型轿车,105,2024/3/6 9:14
1047,小型汽车,蓝色,高速K132+50M方向1,小型轿车,53,2024/3/6 9:14
1049,小型汽车,蓝色,高速K101+400M方向,小型轿车,82,2024/3/6 9:14
1050,小型汽车,蓝色,高速K132+50M方向1,小型轿车,65,2024/3/6 9:14
1051,小型汽车,蓝色,高速K132+50M方向1,小型轿车,64,2024/3/6 9:14
1052,小型汽车,蓝色,高速K132+50M方向2,小型轿车,71,2024/3/6 9:14
279,小型汽车,蓝色,高速K101+400M方向,小型轿车,82,2024/3/6 9:14
1053,小型汽车,蓝色,高速K209+820M方向1,小型轿车,80,2024/3/6 9:14
1054,小型汽车,蓝色,高速K101+400M方向,小型轿车,90,2024/3/6 9:14
239,小型汽车,蓝色,高速K132+50M方向1,小型轿车,68,2024/3/6 9:14
721,小型汽车,蓝色,高速K101+400M方向,小型轿车,106,2024/3/6 9:14
1055,大型汽车,黄色,高速K209+820M方向2,重型普通货车,50,2024/3/6 9:15
1056,大型汽车,黄色,高速K164+750M方向2,大型普通客车,52,2024/3/6 9:15
447,大型汽车,黄色,高速K132+50M方向2,重型普通货车,34,2024/3/6 9:15
175,大型汽车,黄色,高速K101+400M方向,重型普通货车,71,2024/3/6 9:15
682,大型汽车,黄色,高速K101+400M方向,大型普通客车,87,2024/3/6 9:15
507,大型汽车,黄色,高速K132+50M方向2,重型普通货车,44,2024/3/6 9:15
485,大型汽车,黄色,高速K132+50M方向2,重型普通货车,43,2024/3/6 9:15
1064,大型汽车,黄色,高速K132+50M方向1,重型普通货车,56,2024/3/6 9:15
710,大型汽车,黄色,高速K101+400M方向,大型普通客车,77,2024/3/6 9:15
1069,大型汽车,黄色,高速K132+50M方向2,重型普通货车,45,2024/3/6 9:15
1073,大型汽车,黄色,高速K209+820M方向2,重型普通货车,58,2024/3/6 9:15
0,无法识别,其它颜色,高速K132+50M方向2,其它,45,2024/3/6 9:15
0,无法识别,其它颜色,高速K132+50M方向1,其它,56,2024/3/6 9:15
0,无法识别,其它颜色,高速K132+50M方向2,其它,38,2024/3/6 9:15
0,无法识别,其它颜色,高速K132+50M方向2,其它,45,2024/3/6 9:15
0,无法识别,其它颜色,高速K132+50M方向2,其它,41,2024/3/6 9:15
0,无法识别,其它颜色,高速K209+820M方向1,小型轿车,98,2024/3/6 9:15
0,无法识别,其它颜色,高速K209+820M方向2,其它,58,2024/3/6 9:15
1057,小型汽车,蓝色,高速K132+50M方向1,小型轿车,74,2024/3/6 9:15
248,小型汽车,蓝色,高速K101+400M方向,微型普通货车,91,2024/3/6 9:15
1058,小型汽车,蓝色,高速K209+820M方向1,小型轿车,67,2024/3/6 9:15
1059,小型汽车,蓝色,高速K209+820M方向2,轻型普通货车,37,2024/3/6 9:15
1060,小型汽车,蓝色,高速K101+400M方向,小型轿车,90,2024/3/6 9:15
361,小型汽车,蓝色,高速K164+750M方向2,轻型普通货车,74,2024/3/6 9:15
1061,小型汽车,蓝色,高速K101+400M方向,轻型普通货车,65,2024/3/6 9:15
1062,小型汽车,蓝色,高速K101+400M方向,轻型普通货车,88,2024/3/6 9:15
1063,小型汽车,蓝色,高速K132+50M方向1,小型轿车,55,2024/3/6 9:15
744,小型汽车,蓝色,高速K101+400M方向,小型轿车,96,2024/3/6 9:15
1065,小型汽车,蓝色,高速K132+50M方向1,小型轿车,52,2024/3/6 9:15
1066,小型汽车,蓝色,高速K209+820M方向1,小型轿车,85,2024/3/6 9:15
1067,小型汽车,蓝色,高速K209+820M方向2,小型轿车,69,2024/3/6 9:15
1068,小型汽车,蓝色,高速K132+50M方向1,小型轿车,55,2024/3/6 9:15
1070,小型汽车,蓝色,高速K132+50M方向1,小型轿车,67,2024/3/6 9:15
1071,小型汽车,蓝色,高速K101+400M方向,小型轿车,94,2024/3/6 9:15
165,小型汽车,蓝色,高速K101+400M方向,小型轿车,111,2024/3/6 9:15
1072,小型汽车,蓝色,高速K101+400M方向,小型轿车,96,2024/3/6 9:15
731,小型汽车,蓝色,高速K101+400M方向,小型轿车,92,2024/3/6 9:15
707,小型新能源汽车,绿色,高速K101+400M方向,小型轿车,101,2024/3/6 9:15
1074,大型汽车,黄色,高速K164+750M方向2,重型普通货车,57,2024/3/6 9:16
1077,大型汽车,黄色,高速K164+750M方向2,重型普通货车,47,2024/3/6 9:16
1078,大型汽车,黄色,高速K132+50M方向2,重型普通货车,28,2024/3/6 9:16
265,大型汽车,黄色,高速K164+750M方向2,重型普通货车,60,2024/3/6 9:16
1079,大型汽车,黄色,高速K132+50M方向2,重型普通货车,64,2024/3/6 9:16
1081,大型汽车,黄色,高速K209+820M方向2,重型普通货车,28,2024/3/6 9:16
1083,大型汽车,黄色,高速K209+820M方向2,重型普通货车,52,2024/3/6 9:16
0,无法识别,其它颜色,高速K132+50M方向2,其它,63,2024/3/6 9:16
508,小型汽车,蓝色,高速K164+750M方向1,小型轿车,73,2024/3/6 9:16
1076,小型汽车,蓝色,高速K101+400M方向,小型轿车,97,2024/3/6 9:16
277,小型汽车,蓝色,高速K132+50M方向1,小型轿车,77,2024/3/6 9:16
1080,小型汽车,蓝色,高速K101+400M方向,小型轿车,95,2024/3/6 9:16
766,小型汽车,蓝色,高速K101+400M方向,小型轿车,101,2024/3/6 9:16
1082,小型汽车,蓝色,高速K209+820M方向1,小型轿车,68,2024/3/6 9:16
1084,小型汽车,蓝色,高速K209+820M方向1,小型轿车,71,2024/3/6 9:16
1085,小型汽车,蓝色,高速K101+400M方向,轻型普通货车,73,2024/3/6 9:16
1086,小型汽车,蓝色,高速K132+50M方向1,小型轿车,51,2024/3/6 9:16
1087,小型汽车,蓝色,高速K132+50M方向1,小型轿车,52,2024/3/6 9:16
1088,小型汽车,蓝色,高速K101+400M方向,小型轿车,109,2024/3/6 9:16
1089,小型汽车,蓝色,高速K132+50M方向1,小型轿车,64,2024/3/6 9:16
1075,小型新能源汽车,绿色,高速K101+400M方向,小型轿车,103,2024/3/6 9:16
513,大型汽车,黄色,高速K132+50M方向2,重型普通货车,36,2024/3/6 9:17
1091,大型汽车,黄色,高速K209+820M方向2,重型普通货车,60,2024/3/6 9:17
73,大型汽车,黄色,高速K101+400M方向,重型普通货车,86,2024/3/6 9:17
540,大型汽车,黄色,高速K101+400M方向,重型普通货车,66,2024/3/6 9:17
586,大型汽车,黄色,高速K132+50M方向2,重型普通货车,44,2024/3/6 9:17
678,大型汽车,黄色,高速K101+400M方向,中型普通客车,86,2024/3/6 9:17
0,无法识别,其它颜色,高速K164+750M方向1,其它,82,2024/3/6 9:17
639,小型汽车,蓝色,高速K101+400M方向,小型轿车,73,2024/3/6 9:17
1090,小型汽车,蓝色,高速K101+400M方向,小型轿车,75,2024/3/6 9:17
459,小型汽车,蓝色,高速K164+750M方向2,轻型普通货车,82,2024/3/6 9:17
551,小型汽车,蓝色,高速K164+750M方向1,小型轿车,84,2024/3/6 9:17
514,小型汽车,蓝色,高速K164+750M方向2,小型轿车,80,2024/3/6 9:17
1092,小型汽车,蓝色,高速K132+50M方向1,小型轿车,67,2024/3/6 9:17
1093,小型汽车,蓝色,高速K164+750M方向2,小型轿车,72,2024/3/6 9:17
1094,小型汽车,蓝色,高速K101+400M方向,小型轿车,115,2024/3/6 9:17
733,小型汽车,蓝色,高速K101+400M方向,小型轿车,89,2024/3/6 9:17
1095,小型汽车,蓝色,高速K209+820M方向2,小型轿车,75,2024/3/6 9:17
796,小型汽车,蓝色,高速K101+400M方向,小型轿车,99,2024/3/6 9:17
1096,小型汽车,蓝色,高速K209+820M方向1,小型轿车,84,2024/3/6 9:17
1097,小型汽车,蓝色,高速K132+50M方向1,小型轿车,79,2024/3/6 9:17
1098,小型汽车,蓝色,高速K209+820M方向2,小型轿车,71,2024/3/6 9:17
1099,小型汽车,蓝色,高速K209+820M方向2,小型轿车,72,2024/3/6 9:17
772,小型新能源汽车,绿色,高速K101+400M方向,小型轿车,107,2024/3/6 9:17
615,大型汽车,黄色,高速K101+400M方向,重型普通货车,71,2024/3/6 9:18
311,大型汽车,黄色,高速K101+400M方向,大型普通客车,69,2024/3/6 9:18
252,大型汽车,黄色,高速K101+400M方向,重型普通货车,70,2024/3/6 9:18
283,大型汽车,黄色,高速K164+750M方向2,重型普通货车,54,2024/3/6 9:18
1107,大型汽车,黄色,高速K209+820M方向2,重型普通货车,62,2024/3/6 9:18
575,大型汽车,黄色,高速K101+400M方向,重型普通货车,65,2024/3/6 9:18
1110,大型汽车,黄色,高速K132+50M方向2,重型普通货车,31,2024/3/6 9:18
1112,大型汽车,黄色,高速K209+820M方向2,重型普通货车,28,2024/3/6 9:18
285,大型汽车,黄色,高速K101+400M方向,重型普通货车,68,2024/3/6 9:18
0,无法识别,其它颜色,高速K132+50M方向1,其它,65,2024/3/6 9:18
1100,小型汽车,蓝色,高速K132+50M方向1,小型轿车,64,2024/3/6 9:18
1101,小型汽车,蓝色,高速K209+820M方向1,小型轿车,79,2024/3/6 9:18
1102,小型汽车,蓝色,高速K132+50M方向1,小型轿车,71,2024/3/6 9:18
1103,小型汽车,蓝色,高速K132+50M方向1,小型轿车,67,2024/3/6 9:18
282,小型汽车,蓝色,高速K101+400M方向,小型轿车,94,2024/3/6 9:18
1104,小型汽车,蓝色,高速K132+50M方向2,小型轿车,65,2024/3/6 9:18
348,小型汽车,蓝色,高速K164+750M方向1,小型轿车,76,2024/3/6 9:18
556,小型汽车,蓝色,高速K164+750M方向1,小型轿车,74,2024/3/6 9:18
1106,小型汽车,蓝色,高速K132+50M方向1,小型轿车,68,2024/3/6 9:18
1108,小型汽车,蓝色,高速K209+820M方向1,小型轿车,74,2024/3/6 9:18
1109,小型汽车,蓝色,高速K209+820M方向2,小型轿车,73,2024/3/6 9:18
1111,小型汽车,蓝色,高速K132+50M方向1,小型轿车,58,2024/3/6 9:18
1113,小型汽车,蓝色,高速K101+400M方向,小型轿车,105,2024/3/6 9:18
800,小型汽车,蓝色,高速K101+400M方向,小型轿车,101,2024/3/6 9:18
1105,小型新能源汽车,绿色,高速K132+50M方向2,小型轿车,42,2024/3/6 9:18
1116,大型汽车,黄色,高速K209+820M方向2,重型普通货车,63,2024/3/6 9:19
272,大型汽车,黄色,高速K164+750M方向2,重型普通货车,55,2024/3/6 9:19
401,大型汽车,黄色,高速K132+50M方向2,重型普通货车,52,2024/3/6 9:19
1125,大型汽车,黄色,高速K209+820M方向2,重型普通货车,55,2024/3/6 9:19
243,大型汽车,黄色,高速K101+400M方向,重型普通货车,76,2024/3/6 9:19
640,大型汽车,黄色,高速K132+50M方向2,重型普通货车,58,2024/3/6 9:19
660,大型汽车,黄色,高速K101+400M方向,重型普通货车,70,2024/3/6 9:19
233,大型汽车,黄色,高速K101+400M方向,重型普通货车,78,2024/3/6 9:19
1129,大型汽车,黄色,高速K101+400M方向,重型普通货车,83,2024/3/6 9:19
1132,大型汽车,黄色,高速K132+50M方向2,重型普通货车,28,2024/3/6 9:19
0,无法识别,其它颜色,高速K209+820M方向2,其它,75,2024/3/6 9:19
179,小型汽车,蓝色,高速K164+750M方向2,轻型普通货车,58,2024/3/6 9:19
1114,小型汽车,蓝色,高速K209+820M方向1,小型轿车,89,2024/3/6 9:19
1115,小型汽车,蓝色,高速K101+400M方向,小型轿车,97,2024/3/6 9:19
1117,小型汽车,蓝色,高速K101+400M方向,小型轿车,90,2024/3/6 9:19
1118,小型汽车,蓝色,高速K209+820M方向1,小型轿车,81,2024/3/6 9:19
1119,小型汽车,蓝色,高速K101+400M方向,小型轿车,113,2024/3/6 9:19
1120,小型汽车,蓝色,高速K132+50M方向1,小型轿车,61,2024/3/6 9:19
337,小型汽车,蓝色,高速K101+400M方向,小型轿车,96,2024/3/6 9:19
1121,小型汽车,蓝色,高速K209+820M方向1,小型轿车,75,2024/3/6 9:19
1122,小型汽车,蓝色,高速K101+400M方向,小型轿车,99,2024/3/6 9:19
1123,小型汽车,蓝色,高速K101+400M方向,小型轿车,105,2024/3/6 9:19
1124,小型汽车,蓝色,高速K132+50M方向1,小型轿车,71,2024/3/6 9:19
603,小型汽车,蓝色,高速K164+750M方向1,小型轿车,84,2024/3/6 9:19
1126,小型汽车,蓝色,高速K101+400M方向,小型轿车,93,2024/3/6 9:19
1127,小型汽车,蓝色,高速K101+400M方向,小型轿车,87,2024/3/6 9:19
1128,小型汽车,蓝色,高速K101+400M方向,小型轿车,89,2024/3/6 9:19
838,小型汽车,蓝色,高速K101+400M方向,小型轿车,90,2024/3/6 9:19
843,小型汽车,蓝色,高速K101+400M方向,小型轿车,91,2024/3/6 9:19
792,小型汽车,蓝色,高速K101+400M方向,小型轿车,89,2024/3/6 9:19
334,小型汽车,蓝色,高速K164+750M方向2,小型轿车,61,2024/3/6 9:19
161,小型汽车,蓝色,高速K101+400M方向,小型轿车,90,2024/3/6 9:19
1130,小型汽车,蓝色,高速K164+750M方向1,小型轿车,76,2024/3/6 9:19
1131,小型汽车,蓝色,高速K101+400M方向,小型轿车,108,2024/3/6 9:19
810,小型汽车,蓝色,高速K101+400M方向,小型轿车,101,2024/3/6 9:19
1133,小型汽车,蓝色,高速K209+820M方向2,小型轿车,61,2024/3/6 9:19
626,小型汽车,蓝色,高速K164+750M方向2,小型轿车,86,2024/3/6 9:19
683,小型新能源汽车,绿色,高速K101+400M方向,轻型普通货车,76,2024/3/6 9:19
814,小型新能源汽车,绿色,高速K101+400M方向,小型轿车,90,2024/3/6 9:19
1135,大型汽车,黄色,高速K132+50M方向2,重型普通货车,46,2024/3/6 9:20
189,大型汽车,黄色,高速K164+750M方向2,重型普通货车,50,2024/3/6 9:20
1137,大型汽车,黄色,高速K209+820M方向2,重型普通货车,59,2024/3/6 9:20
321,大型汽车,黄色,高速K164+750M方向2,重型普通货车,62,2024/3/6 9:20
623,大型汽车,黄色,高速K101+400M方向,重型普通货车,53,2024/3/6 9:20
106,大型汽车,黄色,高速K101+400M方向,重型普通货车,64,2024/3/6 9:20
205,大型汽车,黄色,高速K101+400M方向,重型普通货车,73,2024/3/6 9:20
307,大型汽车,黄色,高速K101+400M方向,重型普通货车,69,2024/3/6 9:20
0,无法识别,其它颜色,高速K209+820M方向1,小型轿车,69,2024/3/6 9:20
0,无法识别,其它颜色,高速K132+50M方向2,其它,48,2024/3/6 9:20
0,无法识别,其它颜色,高速K132+50M方向1,小型轿车,71,2024/3/6 9:20
1134,小型汽车,蓝色,高速K101+400M方向,小型轿车,102,2024/3/6 9:20
1136,小型汽车,蓝色,高速K101+400M方向,小型轿车,116,2024/3/6 9:20
316,小型汽车,蓝色,高速K132+50M方向1,小型轿车,81,2024/3/6 9:20
1138,小型汽车,蓝色,高速K164+750M方向2,小型轿车,55,2024/3/6 9:20
200,小型汽车,蓝色,高速K132+50M方向2,轻型普通货车,51,2024/3/6 9:20
1139,小型汽车,蓝色,高速K101+400M方向,小型轿车,103,2024/3/6 9:20
1140,小型汽车,蓝色,高速K209+820M方向1,小型轿车,66,2024/3/6 9:20
1142,小型汽车,蓝色,高速K209+820M方向2,小型轿车,70,2024/3/6 9:20
246,小型汽车,蓝色,高速K101+400M方向,轻型普通货车,70,2024/3/6 9:20
593,小型汽车,蓝色,高速K164+750M方向2,小型轿车,70,2024/3/6 9:20
790,小型汽车,蓝色,高速K101+400M方向,小型轿车,87,2024/3/6 9:20
1143,小型汽车,蓝色,高速K209+820M方向2,小型轿车,69,2024/3/6 9:20
1144,小型汽车,蓝色,高速K209+820M方向1,小型轿车,86,2024/3/6 9:20
424,小型汽车,蓝色,高速K101+400M方向,小型轿车,112,2024/3/6 9:20
1141,小型新能源汽车,绿色,高速K132+50M方向1,小型轿车,78,2024/3/6 9:20
841,小型新能源汽车,绿色,高速K101+400M方向,小型轿车,98,2024/3/6 9:20
1146,大型汽车,黄色,高速K164+750M方向2,重型普通货车,63,2024/3/6 9:21
641,大型汽车,黄色,高速K132+50M方向2,重型普通货车,41,2024/3/6 9:21
1148,大型汽车,黄色,高速K132+50M方向1,重型普通货车,60,2024/3/6 9:21
797,大型汽车,黄色,高速K101+400M方向,重型普通货车,91,2024/3/6 9:21
1156,大型汽车,黄色,高速K164+750M方向2,重型普通货车,50,2024/3/6 9:21
1147,警用汽车,白色,高速K209+820M方向1,小型轿车,91,2024/3/6 9:21
0,无法识别,其它颜色,高速K164+750M方向2,其它,62,2024/3/6 9:21
1145,小型汽车,蓝色,高速K132+50M方向1,小型轿车,73,2024/3/6 9:21
217,小型汽车,蓝色,高速K132+50M方向1,小型轿车,76,2024/3/6 9:21
1149,小型汽车,蓝色,高速K132+50M方向1,小型轿车,68,2024/3/6 9:21
1150,小型汽车,蓝色,高速K101+400M方向,小型轿车,94,2024/3/6 9:21
1151,小型汽车,蓝色,高速K101+400M方向,小型轿车,72,2024/3/6 9:21
197,小型汽车,蓝色,高速K132+50M方向1,小型轿车,75,2024/3/6 9:21
789,小型汽车,蓝色,高速K101+400M方向,微型普通货车,82,2024/3/6 9:21
1152,小型汽车,蓝色,高速K164+750M方向2,小型轿车,70,2024/3/6 9:21
1153,小型汽车,蓝色,高速K209+820M方向2,小型轿车,72,2024/3/6 9:21
1154,小型汽车,蓝色,高速K209+820M方向1,小型轿车,65,2024/3/6 9:21
849,小型汽车,蓝色,高速K101+400M方向,小型轿车,104,2024/3/6 9:21
1155,小型汽车,蓝色,高速K209+820M方向2,小型轿车,75,2024/3/6 9:21
511,小型汽车,蓝色,高速K164+750M方向1,轻型普通货车,62,2024/3/6 9:21
354,小型汽车,蓝色,高速K101+400M方向,轻型普通货车,83,2024/3/6 9:21
836,小型新能源汽车,绿色,高速K101+400M方向,小型轿车,97,2024/3/6 9:21
826,小型新能源汽车,绿色,高速K101+400M方向,小型轿车,70,2024/3/6 9:21
1157,大型汽车,黄色,高速K132+50M方向2,重型普通货车,65,2024/3/6 9:22
320,大型汽车,黄色,高速K101+400M方向,重型普通货车,82,2024/3/6 9:22
1159,大型汽车,黄色,高速K132+50M方向2,重型普通货车,53,2024/3/6 9:22
1162,大型汽车,黄色,高速K209+820M方向2,重型普通货车,58,2024/3/6 9:22
257,大型汽车,黄色,高速K164+750M方向2,重型普通货车,52,2024/3/6 9:22
1164,大型汽车,黄色,高速K101+400M方向,重型普通货车,75,2024/3/6 9:22
1165,大型汽车,黄色,高速K132+50M方向2,重型普通货车,55,2024/3/6 9:22
1167,大型汽车,黄色,高速K209+820M方向2,重型普通货车,64,2024/3/6 9:22
687,大型汽车,黄色,高速K132+50M方向2,重型普通货车,41,2024/3/6 9:22
1173,大型汽车,黄色,高速K132+50M方向2,重型普通货车,37,2024/3/6 9:22
1176,大型汽车,黄色,高速K209+820M方向2,重型普通货车,58,2024/3/6 9:22
1177,大型汽车,黄色,高速K132+50M方向2,重型普通货车,56,2024/3/6 9:22
362,大型汽车,黄色,高速K164+750M方向2,中型普通客车,59,2024/3/6 9:22
845,警用汽车,白色,高速K101+400M方向,中型普通客车,102,2024/3/6 9:22
1169,警用汽车,白色,高速K101+400M方向,中型普通客车,101,2024/3/6 9:22
0,无法识别,其它颜色,高速K132+50M方向2,其它,63,2024/3/6 9:22
0,无法识别,其它颜色,高速K132+50M方向2,其它,63,2024/3/6 9:22
0,无法识别,其它颜色,高速K132+50M方向2,其它,50,2024/3/6 9:22
0,无法识别,其它颜色,高速K132+50M方向2,其它,55,2024/3/6 9:22
0,无法识别,其它颜色,高速K132+50M方向2,其它,37,2024/3/6 9:22
0,无法识别,其它颜色,高速K132+50M方向2,其它,51,2024/3/6 9:22
1158,小型汽车,蓝色,高速K101+400M方向,小型轿车,90,2024/3/6 9:22
1160,小型汽车,蓝色,高速K209+820M方向1,小型轿车,73,2024/3/6 9:22
1161,小型汽车,蓝色,高速K132+50M方向1,小型轿车,67,2024/3/6 9:22
1163,小型汽车,蓝色,高速K132+50M方向1,小型轿车,57,2024/3/6 9:22
863,小型汽车,蓝色,高速K101+400M方向,小型轿车,119,2024/3/6 9:22
319,小型汽车,蓝色,高速K132+50M方向1,小型轿车,73,2024/3/6 9:22
674,小型汽车,蓝色,高速K164+750M方向1,小型轿车,89,2024/3/6 9:22
1166,小型汽车,蓝色,高速K101+400M方向,小型轿车,89,2024/3/6 9:22
847,小型汽车,蓝色,高速K101+400M方向,小型轿车,97,2024/3/6 9:22
865,小型汽车,蓝色,高速K101+400M方向,小型轿车,108,2024/3/6 9:22
840,小型汽车,蓝色,高速K101+400M方向,小型轿车,101,2024/3/6 9:22
1168,小型汽车,蓝色,高速K101+400M方向,小型轿车,98,2024/3/6 9:22
1170,小型汽车,蓝色,高速K101+400M方向,小型轿车,102,2024/3/6 9:22
854,小型汽车,蓝色,高速K101+400M方向,小型轿车,94,2024/3/6 9:22
1171,小型汽车,蓝色,高速K132+50M方向1,小型轿车,67,2024/3/6 9:22
356,小型汽车,蓝色,高速K132+50M方向2,小型轿车,65,2024/3/6 9:22
1172,小型汽车,蓝色,高速K132+50M方向1,小型轿车,71,2024/3/6 9:22
315,小型汽车,蓝色,高速K132+50M方向1,小型轿车,65,2024/3/6 9:22
871,小型汽车,蓝色,高速K101+400M方向,小型轿车,106,2024/3/6 9:22
1174,小型汽车,蓝色,高速K209+820M方向2,小型轿车,57,2024/3/6 9:22
1175,小型汽车,蓝色,高速K209+820M方向1,小型轿车,62,2024/3/6 9:22
1178,小型汽车,蓝色,高速K101+400M方向,微型普通货车,73,2024/3/6 9:22
1179,小型新能源汽车,绿色,高速K132+50M方向1,小型轿车,63,2024/3/6 9:22
1180,小型新能源汽车,绿色,高速K209+820M方向1,小型轿车,68,2024/3/6 9:22
1183,大型汽车,黄色,高速K209+820M方向2,重型普通货车,55,2024/3/6 9:23
1185,大型汽车,黄色,高速K209+820M方向2,重型普通货车,60,2024/3/6 9:23
1187,大型汽车,黄色,高速K132+50M方向2,重型普通货车,30,2024/3/6 9:23
1188,大型汽车,黄色,高速K209+820M方向2,重型普通货车,55,2024/3/6 9:23
294,大型汽车,黄色,高速K132+50M方向2,重型普通货车,41,2024/3/6 9:23
768,大型汽车,黄色,高速K101+400M方向,重型普通货车,70,2024/3/6 9:23
263,大型汽车,黄色,高速K101+400M方向,重型普通货车,71,2024/3/6 9:23
0,无法识别,其它颜色,高速K132+50M方向2,其它,30,2024/3/6 9:23
1181,小型汽车,蓝色,高速K132+50M方向1,小型轿车,65,2024/3/6 9:23
1182,小型汽车,蓝色,高速K101+400M方向,小型轿车,90,2024/3/6 9:23
1184,小型汽车,蓝色,高速K101+400M方向,小型轿车,95,2024/3/6 9:23
874,小型汽车,蓝色,高速K101+400M方向,小型轿车,0,2024/3/6 9:23
1186,小型汽车,蓝色,高速K101+400M方向,小型轿车,93,2024/3/6 9:23
1189,小型汽车,蓝色,高速K209+820M方向2,小型轿车,63,2024/3/6 9:23
829,小型汽车,蓝色,高速K132+50M方向1,小型轿车,70,2024/3/6 9:23
1190,小型汽车,蓝色,高速K164+750M方向1,小型轿车,77,2024/3/6 9:23
616,小型汽车,蓝色,高速K164+750M方向1,小型轿车,75,2024/3/6 9:23
1192,小型汽车,蓝色,高速K132+50M方向1,小型轿车,72,2024/3/6 9:23
1194,小型汽车,蓝色,高速K132+50M方向1,小型轿车,71,2024/3/6 9:23
776,小型汽车,蓝色,高速K101+400M方向,轻型普通货车,77,2024/3/6 9:23
1195,小型汽车,蓝色,高速K132+50M方向1,小型轿车,62,2024/3/6 9:23
1191,小型新能源汽车,绿色,高速K132+50M方向1,小型轿车,79,2024/3/6 9:23
1193,小型新能源汽车,绿色,高速K209+820M方向2,小型轿车,61,2024/3/6 9:23
306,大型汽车,黄色,高速K101+400M方向,重型普通货车,80,2024/3/6 9:24
677,大型汽车,黄色,高速K132+50M方向2,重型普通货车,39,2024/3/6 9:24
1201,大型汽车,黄色,高速K164+750M方向2,重型普通货车,55,2024/3/6 9:24
358,大型汽车,黄色,高速K164+750M方向2,重型普通货车,65,2024/3/6 9:24
194,大型汽车,黄色,高速K101+400M方向,重型普通货车,44,2024/3/6 9:24
241,大型汽车,黄色,高速K101+400M方向,重型普通货车,48,2024/3/6 9:24
274,大型汽车,黄色,高速K101+400M方向,重型普通货车,45,2024/3/6 9:24
1203,大型汽车,黄色,高速K132+50M方向1,重型普通货车,63,2024/3/6 9:24
211,大型汽车,黄色,高速K132+50M方向2,重型普通货车,34,2024/3/6 9:24
0,无法识别,其它颜色,高速K132+50M方向2,其它,58,2024/3/6 9:24
0,无法识别,其它颜色,高速K164+750M方向1,其它,65,2024/3/6 9:24
0,无法识别,其它颜色,高速K132+50M方向1,其它,63,2024/3/6 9:24
1196,小型汽车,蓝色,高速K132+50M方向2,小型轿车,56,2024/3/6 9:24
144,小型汽车,蓝色,高速K101+400M方向,小型轿车,96,2024/3/6 9:24
462,小型汽车,蓝色,高速K101+400M方向,小型轿车,111,2024/3/6 9:24
1198,小型汽车,蓝色,高速K132+50M方向1,小型轿车,83,2024/3/6 9:24
1199,小型汽车,蓝色,高速K101+400M方向,小型轿车,95,2024/3/6 9:24
1200,小型汽车,蓝色,高速K101+400M方向,小型轿车,93,2024/3/6 9:24
892,小型汽车,蓝色,高速K101+400M方向,小型轿车,94,2024/3/6 9:24
884,小型汽车,蓝色,高速K101+400M方向,小型轿车,108,2024/3/6 9:24
1202,小型汽车,蓝色,高速K101+400M方向,小型轿车,89,2024/3/6 9:24
685,小型汽车,蓝色,高速K164+750M方向1,小型轿车,78,2024/3/6 9:24
711,小型汽车,蓝色,高速K164+750M方向1,小型轿车,82,2024/3/6 9:24
1204,小型汽车,蓝色,高速K209+820M方向2,小型轿车,80,2024/3/6 9:24
834,小型汽车,蓝色,高速K101+400M方向,小型轿车,46,2024/3/6 9:24
912,小型汽车,蓝色,高速K101+400M方向,小型轿车,99,2024/3/6 9:24
913,小型汽车,蓝色,高速K101+400M方向,小型轿车,94,2024/3/6 9:24
139,小型汽车,蓝色,高速K101+400M方向,小型轿车,70,2024/3/6 9:24
1197,小型新能源汽车,绿色,高速K132+50M方向1,小型轿车,74,2024/3/6 9:24
692,小型新能源汽车,绿色,高速K164+750M方向1,小型轿车,71,2024/3/6 9:24
367,小型新能源汽车,绿色,高速K164+750M方向2,小型轿车,59,2024/3/6 9:24
1205,大型汽车,黄色,高速K132+50M方向2,重型普通货车,64,2024/3/6 9:25
752,大型汽车,黄色,高速K132+50M方向2,重型普通货车,42,2024/3/6 9:25
427,大型汽车,黄色,高速K132+50M方向1,中型普通客车,48,2024/3/6 9:25
1213,大型汽车,黄色,高速K132+50M方向2,重型普通货车,34,2024/3/6 9:25
1214,大型汽车,黄色,高速K209+820M方向2,重型普通货车,58,2024/3/6 9:25
1216,大型汽车,黄色,高速K132+50M方向2,重型普通货车,48,2024/3/6 9:25
0,无法识别,其它颜色,高速K132+50M方向2,其它,63,2024/3/6 9:25
0,无法识别,其它颜色,高速K132+50M方向2,其它,61,2024/3/6 9:25
0,无法识别,其它颜色,高速K209+820M方向2,其它,71,2024/3/6 9:25
0,无法识别,其它颜色,高速K209+820M方向2,其它,57,2024/3/6 9:25
0,无法识别,其它颜色,高速K132+50M方向2,其它,46,2024/3/6 9:25
1206,小型汽车,蓝色,高速K132+50M方向1,小型轿车,67,2024/3/6 9:25
359,小型汽车,蓝色,高速K132+50M方向1,小型轿车,63,2024/3/6 9:25
855,小型汽车,蓝色,高速K101+400M方向,小型轿车,82,2024/3/6 9:25
1207,小型汽车,蓝色,高速K132+50M方向1,小型轿车,54,2024/3/6 9:25
1208,小型汽车,蓝色,高速K132+50M方向1,小型轿车,56,2024/3/6 9:25
1209,小型汽车,蓝色,高速K132+50M方向1,轻型普通货车,77,2024/3/6 9:25
1210,小型汽车,蓝色,高速K101+400M方向,小型轿车,104,2024/3/6 9:25
1211,小型汽车,蓝色,高速K209+820M方向2,小型轿车,71,2024/3/6 9:25
1212,小型汽车,蓝色,高速K209+820M方向1,小型轿车,82,2024/3/6 9:25
207,小型汽车,蓝色,高速K101+400M方向,小型轿车,95,2024/3/6 9:25
1215,小型汽车,蓝色,高速K132+50M方向1,小型轿车,69,2024/3/6 9:25
689,小型汽车,蓝色,高速K164+750M方向1,小型轿车,81,2024/3/6 9:25
822,小型汽车,蓝色,高速K101+400M方向,微型普通货车,79,2024/3/6 9:25
698,小型汽车,蓝色,高速K164+750M方向1,小型轿车,76,2024/3/6 9:25
928,小型新能源汽车,绿色,高速K101+400M方向,小型轿车,107,2024/3/6 9:25
803,大型汽车,黄色,高速K101+400M方向,重型普通货车,60,2024/3/6 9:26
1225,大型汽车,黄色,高速K209+820M方向2,重型普通货车,52,2024/3/6 9:26
338,大型汽车,黄色,高速K101+400M方向,重型普通货车,80,2024/3/6 9:26
360,大型汽车,黄色,高速K164+750M方向2,重型普通货车,62,2024/3/6 9:26
1233,大型汽车,黄色,高速K132+50M方向2,重型普通货车,59,2024/3/6 9:26
1234,大型汽车,黄色,高速K132+50M方向2,重型普通货车,35,2024/3/6 9:26
288,大型汽车,黄色,高速K101+400M方向,重型普通货车,85,2024/3/6 9:26
1224,警用汽车,白色,高速K164+750M方向2,小型轿车,60,2024/3/6 9:26
1235,警用汽车,白色,高速K132+50M方向1,小型轿车,78,2024/3/6 9:26
0,无法识别,其它颜色,高速K132+50M方向2,其它,38,2024/3/6 9:26
0,无法识别,其它颜色,高速K132+50M方向2,其它,56,2024/3/6 9:26
0,无法识别,其它颜色,高速K132+50M方向1,其它,56,2024/3/6 9:26
0,无法识别,其它颜色,高速K132+50M方向2,其它,37,2024/3/6 9:26
1217,小型汽车,蓝色,高速K209+820M方向1,小型轿车,82,2024/3/6 9:26
691,小型汽车,蓝色,高速K101+400M方向,小型轿车,130,2024/3/6 9:26
1218,小型汽车,蓝色,高速K164+750M方向1,小型轿车,75,2024/3/6 9:26
1219,小型汽车,蓝色,高速K209+820M方向1,小型轿车,76,2024/3/6 9:26
1220,小型汽车,蓝色,高速K101+400M方向,微型普通货车,69,2024/3/6 9:26
919,小型汽车,蓝色,高速K101+400M方向,微型普通货车,92,2024/3/6 9:26
1221,小型汽车,蓝色,高速K101+400M方向,小型轿车,97,2024/3/6 9:26
1222,小型汽车,蓝色,高速K101+400M方向,小型轿车,101,2024/3/6 9:26
1223,小型汽车,蓝色,高速K209+820M方向1,小型轿车,82,2024/3/6 9:26
915,小型汽车,蓝色,高速K101+400M方向,小型轿车,106,2024/3/6 9:26
292,小型汽车,蓝色,高速K132+50M方向1,小型轿车,59,2024/3/6 9:26
308,小型汽车,蓝色,高速K101+400M方向,微型普通货车,71,2024/3/6 9:26
1226,小型汽车,蓝色,高速K101+400M方向,小型轿车,101,2024/3/6 9:26
1227,小型汽车,蓝色,高速K101+400M方向,小型轿车,99,2024/3/6 9:26
1228,小型汽车,蓝色,高速K209+820M方向1,小型轿车,73,2024/3/6 9:26
1229,小型汽车,蓝色,高速K209+820M方向2,小型轿车,53,2024/3/6 9:26
1230,小型汽车,蓝色,高速K132+50M方向1,小型轿车,81,2024/3/6 9:26
1231,小型汽车,蓝色,高速K164+750M方向1,小型轿车,72,2024/3/6 9:26
1232,小型汽车,蓝色,高速K101+400M方向,轻型普通货车,84,2024/3/6 9:26
173,小型汽车,蓝色,高速K101+400M方向,小型轿车,78,2024/3/6 9:26
1236,小型新能源汽车,绿色,高速K209+820M方向2,小型轿车,30,2024/3/6 9:26
747,小型新能源汽车,绿色,高速K164+750M方向2,小型轿车,81,2024/3/6 9:26
1237,大型汽车,黄色,高速K164+750M方向2,重型普通货车,62,2024/3/6 9:27
389,大型汽车,黄色,高速K101+400M方向,大型普通客车,86,2024/3/6 9:27
1238,大型汽车,黄色,高速K209+820M方向2,重型普通货车,60,2024/3/6 9:27
280,大型汽车,黄色,高速K101+400M方向,重型普通货车,66,2024/3/6 9:27
1243,大型汽车,黄色,高速K209+820M方向2,重型普通货车,53,2024/3/6 9:27
494,大型汽车,黄色,高速K164+750M方向2,重型普通货车,67,2024/3/6 9:27
1247,教练汽车,黄色,高速K132+50M方向1,小型轿车,59,2024/3/6 9:27
1239,小型汽车,蓝色,高速K209+820M方向1,小型轿车,75,2024/3/6 9:27
1240,小型汽车,蓝色,高速K209+820M方向1,小型轿车,69,2024/3/6 9:27
1241,小型汽车,蓝色,高速K132+50M方向1,小型轿车,78,2024/3/6 9:27
1242,小型汽车,蓝色,高速K209+820M方向1,小型轿车,61,2024/3/6 9:27
618,小型汽车,蓝色,高速K101+400M方向,小型轿车,101,2024/3/6 9:27
244,小型汽车,蓝色,高速K101+400M方向,小型轿车,108,2024/3/6 9:27
373,小型汽车,蓝色,高速K132+50M方向1,小型轿车,80,2024/3/6 9:27
906,小型汽车,蓝色,高速K101+400M方向,小型轿车,96,2024/3/6 9:27
220,小型汽车,蓝色,高速K101+400M方向,小型轿车,99,2024/3/6 9:27
1244,小型汽车,蓝色,高速K132+50M方向1,小型轿车,92,2024/3/6 9:27
1245,小型汽车,蓝色,高速K101+400M方向,小型轿车,110,2024/3/6 9:27
936,小型汽车,蓝色,高速K101+400M方向,小型轿车,91,2024/3/6 9:27
1246,小型汽车,蓝色,高速K132+50M方向1,小型轿车,60,2024/3/6 9:27
333,小型汽车,蓝色,高速K132+50M方向1,小型轿车,72,2024/3/6 9:27
944,小型新能源汽车,绿色,高速K101+400M方向,小型轿车,104,2024/3/6 9:27
969,小型新能源汽车,绿色,高速K101+400M方向,小型轿车,116,2024/3/6 9:27
330,大型汽车,黄色,高速K132+50M方向2,重型普通货车,33,2024/3/6 9:28
275,大型汽车,黄色,高速K164+750M方向2,重型普通货车,54,2024/3/6 9:28
1248,大型汽车,黄色,高速K209+820M方向2,重型普通货车,55,2024/3/6 9:28
1250,大型汽车,黄色,高速K132+50M方向2,大型普通客车,66,2024/3/6 9:28
154,大型汽车,黄色,高速K164+750M方向2,重型普通货车,62,2024/3/6 9:28
1252,大型汽车,黄色,高速K132+50M方向2,重型普通货车,56,2024/3/6 9:28
614,大型汽车,黄色,高速K164+750M方向2,重型普通货车,66,2024/3/6 9:28
1255,大型汽车,黄色,高速K132+50M方向2,中型普通客车,42,2024/3/6 9:28
0,无法识别,其它颜色,高速K164+750M方向1,其它,55,2024/3/6 9:28
0,无法识别,其它颜色,高速K132+50M方向2,其它,63,2024/3/6 9:28
0,无法识别,其它颜色,高速K164+750M方向2,其它,77,2024/3/6 9:28
0,无法识别,其它颜色,高速K132+50M方向2,其它,54,2024/3/6 9:28
1249,小型汽车,蓝色,高速K209+820M方向1,小型轿车,66,2024/3/6 9:28
743,小型汽车,蓝色,高速K164+750M方向1,小型轿车,77,2024/3/6 9:28
1253,小型汽车,蓝色,高速K209+820M方向2,小型轿车,69,2024/3/6 9:28
1254,小型汽车,蓝色,高速K209+820M方向2,轻型普通货车,67,2024/3/6 9:28
1251,小型新能源汽车,绿色,高速K209+820M方向1,小型轿车,71,2024/3/6 9:28
669,大型汽车,黄色,高速K164+750M方向2,重型普通货车,73,2024/3/6 9:29
1259,大型汽车,黄色,高速K164+750M方向2,重型普通货车,45,2024/3/6 9:29
1261,大型汽车,黄色,高速K164+750M方向2,重型普通货车,55,2024/3/6 9:29
0,无法识别,其它颜色,高速K132+50M方向2,小型轿车,76,2024/3/6 9:29
1256,小型汽车,蓝色,高速K209+820M方向2,小型轿车,29,2024/3/6 9:29
1257,小型汽车,蓝色,高速K132+50M方向2,小型轿车,73,2024/3/6 9:29
463,小型汽车,蓝色,高速K132+50M方向1,小型轿车,70,2024/3/6 9:29
1258,小型汽车,蓝色,高速K209+820M方向2,小型轿车,76,2024/3/6 9:29
1260,小型汽车,蓝色,高速K164+750M方向1,小型轿车,88,2024/3/6 9:29
486,小型汽车,蓝色,高速K164+750M方向2,小型轿车,61,2024/3/6 9:29
795,小型汽车,蓝色,高速K164+750M方向1,小型轿车,84,2024/3/6 9:29
342,大型汽车,黄色,高速K164+750M方向2,重型普通货车,56,2024/3/6 9:30
1262,大型汽车,黄色,高速K209+820M方向2,重型普通货车,63,2024/3/6 9:30
481,大型汽车,黄色,高速K164+750M方向2,重型普通货车,63,2024/3/6 9:30
1266,大型汽车,黄色,高速K209+820M方向2,重型普通货车,60,2024/3/6 9:30
1267,大型汽车,黄色,高速K209+820M方向2,重型普通货车,60,2024/3/6 9:30
1268,大型汽车,黄色,高速K164+750M方向2,重型普通货车,48,2024/3/6 9:30
1273,大型汽车,黄色,高速K209+820M方向2,重型普通货车,57,2024/3/6 9:30
1263,小型汽车,蓝色,高速K132+50M方向1,小型轿车,75,2024/3/6 9:30
1264,小型汽车,蓝色,高速K132+50M方向2,轻型普通货车,59,2024/3/6 9:30
297,小型汽车,蓝色,高速K132+50M方向2,轻型普通货车,59,2024/3/6 9:30
1265,小型汽车,蓝色,高速K132+50M方向1,小型轿车,69,2024/3/6 9:30
1269,小型汽车,蓝色,高速K209+820M方向1,小型轿车,75,2024/3/6 9:30
1270,小型汽车,蓝色,高速K209+820M方向2,小型轿车,56,2024/3/6 9:30
1271,小型汽车,蓝色,高速K209+820M方向2,小型轿车,40,2024/3/6 9:30
779,小型汽车,蓝色,高速K164+750M方向1,小型轿车,73,2024/3/6 9:30
1272,小型汽车,蓝色,高速K164+750M方向2,小型轿车,81,2024/3/6 9:30
336,大型汽车,黄色,高速K164+750M方向2,重型普通货车,57,2024/3/6 9:31
221,大型汽车,黄色,高速K132+50M方向2,重型普通货车,45,2024/3/6 9:31
627,大型汽车,黄色,高速K164+750M方向1,中型普通客车,56,2024/3/6 9:31
1275,大型汽车,黄色,高速K164+750M方向2,大型普通客车,64,2024/3/6 9:31
1277,大型汽车,黄色,高速K132+50M方向2,重型普通货车,36,2024/3/6 9:31
1278,大型汽车,黄色,高速K132+50M方向2,重型普通货车,36,2024/3/6 9:31
1274,小型汽车,蓝色,高速K132+50M方向1,小型轿车,63,2024/3/6 9:31
352,小型汽车,蓝色,高速K132+50M方向1,小型轿车,73,2024/3/6 9:31
380,小型汽车,蓝色,高速K132+50M方向1,小型轿车,77,2024/3/6 9:31
1276,小型汽车,蓝色,高速K209+820M方向1,小型轿车,83,2024/3/6 9:31
1279,小型汽车,蓝色,高速K132+50M方向1,小型轿车,64,2024/3/6 9:31
1280,小型汽车,蓝色,高速K209+820M方向2,小型轿车,53,2024/3/6 9:31
1281,小型新能源汽车,绿色,高速K209+820M方向1,小型轿车,78,2024/3/6 9:31
1283,大型汽车,黄色,高速K209+820M方向2,重型普通货车,43,2024/3/6 9:32
300,大型汽车,黄色,高速K164+750M方向2,重型普通货车,52,2024/3/6 9:32
1290,大型汽车,黄色,高速K209+820M方向2,重型普通货车,56,2024/3/6 9:32
1293,大型汽车,黄色,高速K209+820M方向2,重型普通货车,59,2024/3/6 9:32
152,大型汽车,黄色,高速K132+50M方向2,重型普通货车,34,2024/3/6 9:32
578,大型汽车,黄色,高速K164+750M方向2,重型普通货车,63,2024/3/6 9:32
1295,大型汽车,黄色,高速K132+50M方向2,重型普通货车,27,2024/3/6 9:32
805,大型汽车,黄色,高速K132+50M方向2,重型普通货车,30,2024/3/6 9:32
0,无法识别,其它颜色,高速K132+50M方向2,其它,28,2024/3/6 9:32
1282,小型汽车,蓝色,高速K132+50M方向1,小型轿车,79,2024/3/6 9:32
718,小型汽车,蓝色,高速K164+750M方向1,小型轿车,71,2024/3/6 9:32
456,小型汽车,蓝色,高速K132+50M方向1,小型轿车,71,2024/3/6 9:32
759,小型汽车,蓝色,高速K164+750M方向1,小型轿车,66,2024/3/6 9:32
382,小型汽车,蓝色,高速K132+50M方向1,小型轿车,67,2024/3/6 9:32
1284,小型汽车,蓝色,高速K164+750M方向1,小型轿车,84,2024/3/6 9:32
799,小型汽车,蓝色,高速K164+750M方向1,小型轿车,65,2024/3/6 9:32
1285,小型汽车,蓝色,高速K132+50M方向2,小型轿车,77,2024/3/6 9:32
1286,小型汽车,蓝色,高速K132+50M方向1,小型轿车,64,2024/3/6 9:32
823,小型汽车,蓝色,高速K164+750M方向1,小型轿车,78,2024/3/6 9:32
583,小型汽车,蓝色,高速K164+750M方向1,小型轿车,74,2024/3/6 9:32
553,小型汽车,蓝色,高速K164+750M方向2,轻型普通货车,56,2024/3/6 9:32
1288,小型汽车,蓝色,高速K209+820M方向1,小型轿车,79,2024/3/6 9:32
1289,小型汽车,蓝色,高速K132+50M方向1,小型轿车,68,2024/3/6 9:32
1291,小型汽车,蓝色,高速K132+50M方向1,小型轿车,60,2024/3/6 9:32
1292,小型汽车,蓝色,高速K132+50M方向1,小型轿车,61,2024/3/6 9:32
1294,小型汽车,蓝色,高速K209+820M方向2,小型轿车,68,2024/3/6 9:32
1287,小型新能源汽车,绿色,高速K209+820M方向1,小型轿车,59,2024/3/6 9:32
1298,大型汽车,黄色,高速K164+750M方向2,重型普通货车,57,2024/3/6 9:33
1299,大型汽车,黄色,高速K209+820M方向2,重型普通货车,52,2024/3/6 9:33
1302,大型汽车,黄色,高速K209+820M方向2,重型普通货车,57,2024/3/6 9:33
1303,大型汽车,黄色,高速K132+50M方向2,重型普通货车,26,2024/3/6 9:33
1306,大型汽车,黄色,高速K209+820M方向1,重型普通货车,67,2024/3/6 9:33
1307,大型汽车,黄色,高速K209+820M方向2,重型普通货车,58,2024/3/6 9:33
1310,大型汽车,黄色,高速K164+750M方向2,大型普通客车,50,2024/3/6 9:33
1311,大型汽车,黄色,高速K209+820M方向2,重型普通货车,59,2024/3/6 9:33
1312,大型汽车,黄色,高速K164+750M方向2,重型普通货车,62,2024/3/6 9:33
1313,大型汽车,黄色,高速K209+820M方向2,重型普通货车,52,2024/3/6 9:33
472,大型汽车,黄色,高速K164+750M方向2,重型普通货车,59,2024/3/6 9:33
0,无法识别,其它颜色,高速K132+50M方向2,其它,25,2024/3/6 9:33
0,无法识别,其它颜色,高速K132+50M方向2,其它,54,2024/3/6 9:33
0,无法识别,其它颜色,高速K132+50M方向2,其它,63,2024/3/6 9:33
1296,小型汽车,蓝色,高速K132+50M方向1,小型轿车,61,2024/3/6 9:33
1300,小型汽车,蓝色,高速K209+820M方向1,轻型普通货车,70,2024/3/6 9:33
1301,小型汽车,蓝色,高速K132+50M方向1,小型轿车,58,2024/3/6 9:33
1304,小型汽车,蓝色,高速K132+50M方向1,小型轿车,62,2024/3/6 9:33
1305,小型汽车,蓝色,高速K132+50M方向1,小型轿车,58,2024/3/6 9:33
1309,小型汽车,蓝色,高速K209+820M方向1,小型轿车,54,2024/3/6 9:33
914,小型汽车,蓝色,高速K164+750M方向1,小型轿车,86,2024/3/6 9:33
1314,小型汽车,蓝色,高速K132+50M方向2,小型轿车,64,2024/3/6 9:33
1297,小型新能源汽车,绿色,高速K209+820M方向1,小型轿车,65,2024/3/6 9:33
1308,小型新能源汽车,绿色,高速K164+750M方向1,小型轿车,77,2024/3/6 9:33
168,大型汽车,黄色,高速K164+750M方向2,重型普通货车,61,2024/3/6 9:34
1317,大型汽车,黄色,高速K209+820M方向2,大型普通客车,57,2024/3/6 9:34
1320,大型汽车,黄色,高速K209+820M方向2,重型普通货车,52,2024/3/6 9:34
1321,大型汽车,黄色,高速K209+820M方向2,重型普通货车,51,2024/3/6 9:34
860,小型汽车,蓝色,高速K164+750M方向1,小型轿车,73,2024/3/6 9:34
852,小型汽车,蓝色,高速K164+750M方向1,小型轿车,70,2024/3/6 9:34
351,小型汽车,蓝色,高速K164+750M方向2,小型轿车,60,2024/3/6 9:34
1315,小型汽车,蓝色,高速K132+50M方向2,小型轿车,58,2024/3/6 9:34
1316,小型汽车,蓝色,高速K132+50M方向1,小型轿车,65,2024/3/6 9:34
1318,小型汽车,蓝色,高速K132+50M方向2,轻型普通货车,60,2024/3/6 9:34
1319,小型汽车,蓝色,高速K132+50M方向1,小型轿车,75,2024/3/6 9:34
866,小型汽车,蓝色,高速K164+750M方向1,小型轿车,63,2024/3/6 9:34
857,小型新能源汽车,绿色,高速K164+750M方向1,小型轿车,75,2024/3/6 9:34
322,大型汽车,黄色,高速K164+750M方向2,重型普通货车,52,2024/3/6 9:35
1322,大型汽车,黄色,高速K209+820M方向2,重型普通货车,49,2024/3/6 9:35
628,大型汽车,黄色,高速K164+750M方向2,重型普通货车,61,2024/3/6 9:35
1324,大型汽车,黄色,高速K209+820M方向2,重型普通货车,55,2024/3/6 9:35
344,大型汽车,黄色,高速K164+750M方向2,重型普通货车,55,2024/3/6 9:35
346,大型汽车,黄色,高速K164+750M方向2,重型普通货车,57,2024/3/6 9:35
1325,大型汽车,黄色,高速K209+820M方向2,重型普通货车,67,2024/3/6 9:35
1323,小型汽车,蓝色,高速K209+820M方向2,小型轿车,54,2024/3/6 9:35
1328,大型汽车,黄色,高速K164+750M方向2,重型普通货车,55,2024/3/6 9:36
1329,大型汽车,黄色,高速K209+820M方向2,重型普通货车,60,2024/3/6 9:36
178,大型汽车,黄色,高速K164+750M方向2,重型普通货车,40,2024/3/6 9:36
1326,小型汽车,蓝色,高速K209+820M方向1,小型轿车,80,2024/3/6 9:36
726,小型汽车,蓝色,高速K164+750M方向1,小型轿车,75,2024/3/6 9:36
786,小型汽车,蓝色,高速K164+750M方向1,小型轿车,68,2024/3/6 9:36
806,小型汽车,蓝色,高速K164+750M方向1,小型轿车,65,2024/3/6 9:36
1330,小型汽车,蓝色,高速K209+820M方向1,小型轿车,60,2024/3/6 9:36
1327,小型新能源汽车,绿色,高速K209+820M方向1,小型轿车,74,2024/3/6 9:36
905,小型新能源汽车,绿色,高速K164+750M方向1,小型轿车,82,2024/3/6 9:36
642,大型汽车,黄色,高速K164+750M方向2,重型普通货车,66,2024/3/6 9:37
695,大型汽车,黄色,高速K164+750M方向2,重型普通货车,68,2024/3/6 9:37
1334,大型汽车,黄色,高速K164+750M方向2,重型普通货车,52,2024/3/6 9:37
1335,大型汽车,黄色,高速K209+820M方向2,重型普通货车,40,2024/3/6 9:37
1336,大型汽车,黄色,高速K209+820M方向2,重型普通货车,45,2024/3/6 9:37
1337,大型汽车,黄色,高速K209+820M方向2,重型普通货车,52,2024/3/6 9:37
1338,大型汽车,黄色,高速K164+750M方向2,重型普通货车,63,2024/3/6 9:37
931,小型汽车,蓝色,高速K164+750M方向1,小型轿车,77,2024/3/6 9:37
1331,小型汽车,蓝色,高速K164+750M方向2,轻型普通货车,39,2024/3/6 9:37
1332,小型汽车,蓝色,高速K209+820M方向1,小型轿车,72,2024/3/6 9:37
1333,小型汽车,蓝色,高速K209+820M方向1,小型轿车,67,2024/3/6 9:37
940,小型汽车,蓝色,高速K164+750M方向1,小型轿车,80,2024/3/6 9:37
1340,小型汽车,蓝色,高速K209+820M方向1,小型轿车,82,2024/3/6 9:37
1341,小型汽车,蓝色,高速K209+820M方向2,小型轿车,67,2024/3/6 9:37
1339,小型新能源汽车,绿色,高速K209+820M方向1,小型轿车,64,2024/3/6 9:37
1343,大型汽车,黄色,高速K209+820M方向2,重型普通货车,49,2024/3/6 9:38
569,大型汽车,黄色,高速K164+750M方向2,重型普通货车,52,2024/3/6 9:38
1345,大型汽车,黄色,高速K209+820M方向2,大型普通客车,43,2024/3/6 9:38
879,小型汽车,蓝色,高速K164+750M方向1,小型轿车,70,2024/3/6 9:38
1342,小型汽车,蓝色,高速K209+820M方向2,小型轿车,52,2024/3/6 9:38
1344,小型汽车,蓝色,高速K209+820M方向1,小型轿车,73,2024/3/6 9:38
423,小型汽车,蓝色,高速K164+750M方向1,小型轿车,74,2024/3/6 9:38
1346,小型汽车,蓝色,高速K209+820M方向2,小型轿车,56,2024/3/6 9:38
1347,小型汽车,蓝色,高速K209+820M方向1,小型轿车,71,2024/3/6 9:38
1348,小型汽车,蓝色,高速K209+820M方向2,小型轿车,56,2024/3/6 9:38
1349,小型汽车,蓝色,高速K209+820M方向2,小型轿车,73,2024/3/6 9:38
1350,小型汽车,蓝色,高速K209+820M方向1,小型轿车,65,2024/3/6 9:38
1351,大型汽车,黄色,高速K209+820M方向2,重型普通货车,52,2024/3/6 9:39
1352,大型汽车,黄色,高速K209+820M方向2,重型普通货车,56,2024/3/6 9:39
1353,大型汽车,黄色,高速K209+820M方向2,大型普通客车,56,2024/3/6 9:39
1356,大型汽车,黄色,高速K209+820M方向2,重型普通货车,27,2024/3/6 9:39
1360,大型汽车,黄色,高速K209+820M方向2,重型普通货车,61,2024/3/6 9:39
0,无法识别,其它颜色,高速K209+820M方向2,其它,52,2024/3/6 9:39
0,无法识别,其它颜色,高速K209+820M方向2,其它,55,2024/3/6 9:39
1354,小型汽车,蓝色,高速K209+820M方向1,小型轿车,52,2024/3/6 9:39
1355,小型汽车,蓝色,高速K209+820M方向1,小型轿车,61,2024/3/6 9:39
1357,小型汽车,蓝色,高速K209+820M方向1,小型轿车,69,2024/3/6 9:39
1358,小型汽车,蓝色,高速K209+820M方向2,小型轿车,47,2024/3/6 9:39
1359,小型汽车,蓝色,高速K209+820M方向1,小型轿车,66,2024/3/6 9:39
1361,小型汽车,蓝色,高速K209+820M方向2,小型轿车,79,2024/3/6 9:39
1362,小型汽车,蓝色,高速K209+820M方向2,小型轿车,66,2024/3/6 9:40
1363,小型汽车,蓝色,高速K209+820M方向1,小型轿车,71,2024/3/6 9:40
1364,小型汽车,蓝色,高速K209+820M方向1,小型轿车,72,2024/3/6 9:40
1365,小型汽车,蓝色,高速K209+820M方向2,小型轿车,46,2024/3/6 9:40
